id,nome,metacritic,rating,generos,tags,imagem_url
3498,Grand Theft Auto V,92,4.47,Action,"Singleplayer, Steam Achievements, Multiplayer, Full controller support, Atmospheric, Great Soundtrack, RPG, Co-op, Open World, cooperative, First-Person, Third Person, Funny, Sandbox, Comedy, Third-Person Shooter, Moddable, Crime, vr mod",https://media.rawg.io/media/games/20a/20aa03a10cda45239fe22d035c0ebe64.jpg
3328,The Witcher 3: Wild Hunt,92,4.64,"Action, RPG","Singleplayer, Full controller support, Atmospheric, Great Soundtrack, RPG, Story Rich, Open World, Third Person, Fantasy, Sandbox, Action RPG, Dark, Nudity, controller support, Choices Matter, Dark Fantasy, Mature, Medieval, Magic, Multiple Endings",https://media.rawg.io/media/games/618/618c2031a07bbff6b4f611f10b6bcdbc.jpg
4200,Portal 2,95,4.58,"Shooter, Puzzle","Singleplayer, Steam Achievements, Multiplayer, Full controller support, Steam Cloud, Atmospheric, steam-trading-cards, Co-op, Story Rich, cooperative, First-Person, Sci-fi, FPS, Online Co-Op, Funny, Female Protagonist, Comedy, Local Co-Op, stats, Steam Workshop, Space, Includes level editor, Captions available, Commentary available, Science",https://media.rawg.io/media/games/2ba/2bac0e87cf45e5b508f227d281c9252a.jpg
4291,Counter-Strike: Global Offensive,81,3.57,Shooter,"Steam Achievements, Multiplayer, Full controller support, steam-trading-cards, Co-op, cooperative, First-Person, FPS, Online Co-Op, Tactical, stats, Steam Workshop, PvP, Moddable, War, In-App Purchases, Realistic, Team-Based, Fast-Paced, Military, Competitive, Valve Anti-Cheat enabled, e-sports, Trading",https://media.rawg.io/media/games/736/73619bd336c894d6941d926bfd563946.jpg
5286,Tomb Raider,86,4.06,Action,"Singleplayer, Multiplayer, Full controller support, Atmospheric, RPG, Third Person, Exploration, Classic, Female Protagonist, Stealth, Action-Adventure, Third-Person Shooter, Retro, Cinematic, Quick-Time Events, Dinosaurs, Lara Croft",https://media.rawg.io/media/games/021/021c4e21a1824d2526f925eff6324653.jpg
13536,Portal,90,4.49,"Action, Puzzle","Singleplayer, Steam Achievements, Atmospheric, Great Soundtrack, Story Rich, First-Person, Sci-fi, Partial Controller Support, FPS, Funny, Classic, Female Protagonist, Comedy, Includes level editor, Captions available, Short, Physics, Dark Humor, Commentary available, Includes Source SDK, Science",https://media.rawg.io/media/games/7fa/7fa0b586293c5861ee32490e953a4996.jpg
12020,Left 4 Dead 2,89,4.1,"Action, Shooter","Singleplayer, Steam Achievements, Multiplayer, Full controller support, Steam Cloud, steam-trading-cards, Co-op, cooperative, First-Person, Horror, FPS, Online Co-Op, Gore, Survival, Local Co-Op, Tactical, stats, Steam Workshop, Zombies, Moddable, Survival Horror, Post-apocalyptic, Captions available, Replay Value, Team-Based, Valve Anti-Cheat enabled, Commentary available, Includes Source SDK",https://media.rawg.io/media/games/d58/d588947d4286e7b5e0e12e1bea7d9844.jpg
28,Red Dead Redemption 2,96,4.59,Action,"Singleplayer, Multiplayer, Atmospheric, Great Soundtrack, Co-op, Story Rich, Open World, First-Person, Third Person, Partial Controller Support, FPS, Online Co-Op, Gore, Exploration, Sandbox, Violent, Third-Person Shooter, PvP, In-App Purchases, Realistic, Mature, Cinematic, Historical, Crime, Online PvP, 3rd-Person Perspective, Blood, America, Masterpiece, Beautiful, Hunting, Western, 3rd-person",https://media.rawg.io/media/games/511/5118aff5091cb3efec399c808f8c598f.jpg
5679,The Elder Scrolls V: Skyrim,94,4.42,"Action, RPG","Singleplayer, Steam Achievements, Steam Cloud, Atmospheric, steam-trading-cards, Great Soundtrack, RPG, Story Rich, Open World, First-Person, Third Person, Partial Controller Support, Fantasy, Sandbox, Action RPG, Steam Workshop, role-playing, Moddable, Character Customization, Dark Fantasy, Medieval, Magic, Lore-Rich, Dragons",https://media.rawg.io/media/games/7cf/7cfc9220b401b7a300e409e539c9afd5.jpg
13537,Half-Life 2,96,4.48,"Action, Shooter","Singleplayer, Steam Achievements, Multiplayer, Steam Cloud, Atmospheric, steam-trading-cards, Great Soundtrack, Story Rich, First-Person, Sci-fi, Partial Controller Support, Horror, FPS, Classic, Zombies, Moddable, Captions available, Physics, Aliens, Dystopian, Includes Source SDK, Silent Protagonist, vr mod",https://media.rawg.io/media/games/b8c/b8c243eaa0fbac8115e0cdccac3f91dc.jpg
4062,BioShock Infinite,94,4.38,"Action, Shooter","Singleplayer, Steam Achievements, Full controller support, Steam Cloud, Atmospheric, steam-trading-cards, Great Soundtrack, RPG, Story Rich, First-Person, Sci-fi, FPS, Fantasy, Gore, Controller, Dystopian, Linear, Steampunk, Alternate History, Time Travel, Political",https://media.rawg.io/media/games/fc1/fc1307a2774506b5bd65d7e8424664a7.jpg
802,Borderlands 2,89,4.01,"Action, Shooter, RPG","Singleplayer, Steam Achievements, Multiplayer, Full controller support, Steam Cloud, Atmospheric, steam-trading-cards, RPG, Co-op, Open World, cooperative, Sci-fi, FPS, Online Co-Op, Funny, Comedy, Action RPG, Futuristic, Memes, Stylized, Dark Humor, Loot",https://media.rawg.io/media/games/49c/49c3dfa4ce2f6f140cc4825868e858cb.jpg
3439,Life is Strange,83,4.12,Adventure,"Singleplayer, Full controller support, Atmospheric, steam-trading-cards, Great Soundtrack, Story Rich, Third Person, Female Protagonist, Dark, Point & Click, Mystery, Choices Matter, Short, Memes, Walking Simulator, Multiple Endings, Story, Episodic, Soundtrack, Time Travel, Time Manipulation, student, strange, photography",https://media.rawg.io/media/games/562/562553814dd54e001a541e4ee83a591c.jpg
4286,BioShock,96,4.36,"Action, Shooter","Singleplayer, Atmospheric, Great Soundtrack, RPG, Story Rich, First-Person, Sci-fi, Partial Controller Support, Horror, FPS, Classic, Action RPG, Dark, Dystopian, Steampunk, Alternate History, Political, Underwater",https://media.rawg.io/media/games/bc0/bc06a29ceac58652b684deefe7d56099.jpg
58175,God of War (2018),94,4.54,Action,"Singleplayer, Steam Achievements, Full controller support, Steam Cloud, Atmospheric, RPG, Story Rich, Third Person, Fantasy, Gore, Exploration, Violent, Action-Adventure, Action RPG, Hack and Slash, exclusive, 3D, Crafting, combat, true exclusive, 3rd-Person Perspective, Blood, PvE, Emotional, Souls-like, Mythology, Remote Play on TV",https://media.rawg.io/media/games/4be/4be6a6ad0364751a96229c56bf69be59.jpg
32,Destiny 2,82,3.52,"Action, Shooter","Singleplayer, Multiplayer, Full controller support, Atmospheric, Great Soundtrack, Co-op, Open World, cooperative, First-Person, Sci-fi, FPS, Online Co-Op, Exploration, Free to Play, Online multiplayer, Action-Adventure, PvP, Space, combat, Futuristic, Aliens, Story, 3rd-Person Perspective, online, MMORPG, PvE, Loot, Lore-Rich, city, console, friends, Masterpiece, weapons, skill, destroy, collect, hunt, gun, rain, enemy, quick, darkness, defender",https://media.rawg.io/media/games/34b/34b1f1850a1c06fd971bc6ab3ac0ce0e.jpg
3070,Fallout 4,84,3.81,"Action, RPG","Singleplayer, Steam Achievements, Full controller support, Steam Cloud, Atmospheric, Great Soundtrack, RPG, Story Rich, Open World, First-Person, Third Person, Sci-fi, FPS, Exploration, Sandbox, Survival, Action RPG, Third-Person Shooter, Post-apocalyptic",https://media.rawg.io/media/games/d82/d82990b9c67ba0d2d09d4e6fa88885a7.jpg
1030,Limbo,88,4.14,"Action, Adventure, Indie, Puzzle, Platformer","Singleplayer, Full controller support, Atmospheric, 2D, Horror, Difficult, Action-Adventure, Pixel Graphics, Controller, Dark, controller support, Short, Dark Fantasy, Cinematic, Physics, combat, Side Scroller, Linear, Surreal, Puzzle-Platformer, Family Sharing, Minimalist, Noir, 2D Fighter, 2D Platformer, 2D-платформер, 2D-файтинг",https://media.rawg.io/media/games/942/9424d6bb763dc38d9378b488603c87fa.jpg
3939,PAYDAY 2,79,3.52,"Action, Shooter","Singleplayer, Steam Achievements, Multiplayer, Full controller support, steam-trading-cards, Great Soundtrack, Co-op, cooperative, First-Person, FPS, Online Co-Op, Funny, Stealth, Tactical, In-App Purchases, Team-Based, Crime, PvE, Heist, Gun Customization",https://media.rawg.io/media/games/73e/73eecb8909e0c39fb246f457b5d6cbbe.jpg
2454,DOOM (2016),85,4.38,"Action, Shooter","Singleplayer, Multiplayer, Atmospheric, Great Soundtrack, Co-op, cooperative, First-Person, Sci-fi, Partial Controller Support, Horror, FPS, Gore, Difficult, Classic, Zombies, Memes, Fast-Paced, Remake, Blood, Demons",https://media.rawg.io/media/games/587/587588c64afbff80e6f444eb2e46f9da.jpg
11859,Team Fortress 2,92,3.68,"Action, Shooter","Steam Achievements, Multiplayer, steam-trading-cards, Co-op, cooperative, First-Person, Partial Controller Support, FPS, Online Co-Op, Funny, Comedy, Free to Play, Tactical, stats, Steam Workshop, Cross-Platform Multiplayer, Includes level editor, Moddable, In-App Purchases, Captions available, Crafting, Team-Based, Competitive, Valve Anti-Cheat enabled, Robots, Cartoony, Commentary available, Cartoon, Class-Based, Trading",https://media.rawg.io/media/games/46d/46d98e6910fbc0706e2948a7cc9b10c5.jpg
41494,Cyberpunk 2077,73,4.23,"Action, Shooter, RPG","Singleplayer, Atmospheric, Great Soundtrack, RPG, Story Rich, Open World, First-Person, Sci-fi, FPS, Exploration, Sandbox, Violent, Action-Adventure, Action RPG, role-playing, Nudity, Mature, Cinematic, Futuristic, Sexual Content, Cyberpunk, Crime, Robots, 3rd-Person Perspective, Blood, America, Masterpiece, Soundtrack, Hacking, Role Playing Game, immersive, Photorealistic",https://media.rawg.io/media/games/26d/26d4437715bee60138dab4a7c8c59c92.jpg
422,Terraria,81,4.08,"Action, Indie, Platformer","Singleplayer, Steam Achievements, Multiplayer, Full controller support, Steam Cloud, Atmospheric, steam-trading-cards, RPG, Co-op, Open World, 2D, Online Co-Op, Exploration, Sandbox, Survival, Online multiplayer, Pixel Graphics, role-playing, Family Friendly, controller support, Replay Value, Crafting, Building, overlay",https://media.rawg.io/media/games/f46/f466571d536f2e3ea9e815ad17177501.jpg
4459,Grand Theft Auto IV,95,4.26,"Action, Adventure","Singleplayer, Multiplayer, Atmospheric, Co-op, Open World, cooperative, Third Person, Partial Controller Support, Funny, Gore, Classic, Sandbox, Third-Person Shooter, Moddable, Crime, Dark Humor, first person mod, Satire, Bowling",https://media.rawg.io/media/games/4a0/4a0a1316102366260e6f38fd2a9cfdce.jpg
10213,Dota 2,90,3.07,"Action, Massively Multiplayer","Multiplayer, steam-trading-cards, RPG, Co-op, cooperative, Online Co-Op, Fantasy, Difficult, Free to Play, Action RPG, Steam Workshop, PvP, In-App Purchases, Character Customization, Replay Value, Team-Based, RTS, Competitive, Valve Anti-Cheat enabled, Tower Defense, MOBA, e-sports, SteamVR Collectibles",https://media.rawg.io/media/games/6fc/6fcf4cd3b17c288821388e6085bb0fc9.jpg
766,Warframe,73,3.41,"Action, Shooter, RPG, Massively Multiplayer","Singleplayer, Multiplayer, steam-trading-cards, RPG, Co-op, cooperative, Third Person, Sci-fi, Partial Controller Support, FPS, Online Co-Op, Free to Play, Third-Person Shooter, Space, role-playing, Hack and Slash, In-App Purchases, Futuristic, Parkour, Cyberpunk, PvE, Ninja, looter shooter",https://media.rawg.io/media/games/f87/f87457e8347484033cb34cde6101d08d.jpg
3272,Rocket League,86,3.93,"Sports, Racing, Indie","Singleplayer, Steam Achievements, Multiplayer, Full controller support, Steam Cloud, steam-trading-cards, Great Soundtrack, Co-op, cooperative, Online Co-Op, Funny, Split Screen, Local Co-Op, Local Multiplayer, stats, Steam Workshop, Cross-Platform Multiplayer, Team-Based, Fast-Paced, Competitive, 4 Player Local, 4 giocatori divano, Football, Soccer, lan party",https://media.rawg.io/media/games/8cc/8cce7c0e99dcc43d66c8efd42f9d03e3.jpg
278,Horizon Zero Dawn,89,4.27,"Action, RPG","Singleplayer, Atmospheric, Great Soundtrack, RPG, Story Rich, Open World, Third Person, Sci-fi, Exploration, Female Protagonist, Stealth, Action RPG, role-playing, exclusive, Post-apocalyptic, Cinematic, Futuristic, Robots, 3rd-Person Perspective, Drama, Lore-Rich, 3rd-person, Experience, open-world, atmosphere",https://media.rawg.io/media/games/b7d/b7d3f1715fa8381a4e780173a197a615.jpg
29028,Metro 2033,79,3.94,"Action, Shooter","Singleplayer, Steam Achievements, Full controller support, Steam Cloud, Atmospheric, Great Soundtrack, Story Rich, First-Person, Sci-fi, Horror, FPS, Survival, Stealth, Dark, Survival Horror, Post-apocalyptic, Linear, 3D Vision, Based On A Novel, Benchmark",https://media.rawg.io/media/games/120/1201a40e4364557b124392ee50317b99.jpg
7689,Rise of the Tomb Raider,86,4.04,Action,"Singleplayer, Steam Achievements, Full controller support, Steam Cloud, Atmospheric, steam-trading-cards, Great Soundtrack, RPG, Story Rich, Open World, Third Person, Exploration, Steam Leaderboards, Female Protagonist, Survival, Stealth, Action-Adventure, Third-Person Shooter, Parkour, Quick-Time Events, Lara Croft",https://media.rawg.io/media/games/b45/b45575f34285f2c4479c9a5f719d972e.jpg
3287,Batman: Arkham Knight,81,4.24,Action,"Singleplayer, Steam Achievements, Full controller support, Steam Cloud, Atmospheric, steam-trading-cards, Story Rich, Open World, Third Person, Horror, Steam Leaderboards, Sandbox, Stealth, Dark, Mature, Beat 'em up, Detective, Comic Book, Superhero, Batman",https://media.rawg.io/media/games/310/3106b0e012271c5ffb16497b070be739.jpg
3192,Metal Gear Solid V: The Phantom Pain,91,4.16,"Action, Shooter","Singleplayer, Steam Achievements, Multiplayer, Full controller support, Steam Cloud, Atmospheric, steam-trading-cards, Great Soundtrack, Story Rich, Open World, Third Person, Sci-fi, Steam Leaderboards, Sandbox, Stealth, Tactical, Third-Person Shooter, Dark, Captions available, Replay Value, Cinematic, Heist, Horses",https://media.rawg.io/media/games/490/49016e06ae2103881ff6373248843069.jpg
416,Grand Theft Auto: San Andreas,93,4.5,Action,"Singleplayer, Multiplayer, Atmospheric, Great Soundtrack, Story Rich, Open World, Third Person, Partial Controller Support, Funny, Classic, Sandbox, Comedy, Moddable, Mature, Crime, Driving, first person mod, Remote Play on Tablet, Remote Play on Phone, controversial, karaihb",https://media.rawg.io/media/games/960/960b601d9541cec776c5fa42a00bf6c4.jpg
16944,The Witcher 2: Assassins of Kings Enhanced Edition,88,4.17,RPG,"Singleplayer, Steam Achievements, Steam Cloud, Atmospheric, steam-trading-cards, RPG, Story Rich, Open World, Third Person, Partial Controller Support, Fantasy, Difficult, Steam Leaderboards, Dark, Nudity, Choices Matter, Dark Fantasy, Mature, Medieval, Magic, Multiple Endings, Based On A Novel, Nonlinear",https://media.rawg.io/media/games/6cd/6cd653e0aaef5ff8bbd295bf4bcb12eb.jpg
290856,Apex Legends,80,3.63,"Action, Shooter","Multiplayer, Full controller support, Atmospheric, Co-op, First-Person, Sci-fi, FPS, Online Co-Op, Exploration, Survival, Free to Play, Action-Adventure, Tactical, Dark, PvP, Character Customization, Cinematic, combat, Team-Based, Cyberpunk, Battle Royale, Hero Shooter, lootboxes",https://media.rawg.io/media/games/737/737ea5662211d2e0bbd6f5989189e4f1.jpg
17822,The Witcher: Enhanced Edition Director's Cut,86,4.06,"Action, RPG","Singleplayer, Steam Cloud, Atmospheric, Great Soundtrack, RPG, Story Rich, Open World, Third Person, Fantasy, Classic, Action RPG, Nudity, Choices Matter, Dark Fantasy, Mature, Medieval, Magic, Multiple Endings, Based On A Novel",https://media.rawg.io/media/games/ee3/ee3e10193aafc3230ba1cae426967d10.jpg
9767,Hollow Knight,88,4.4,"Action, Indie, Platformer","Singleplayer, Steam Achievements, Full controller support, Steam Cloud, Atmospheric, steam-trading-cards, Great Soundtrack, Story Rich, Open World, 2D, Exploration, Difficult, Controller, Cute, controller support, Dark Fantasy, Side Scroller, Multiple Endings, Metroidvania, Hand-drawn, Gothic",https://media.rawg.io/media/games/4cf/4cfc6b7f1850590a4634b08bfab308ab.jpg
11973,Middle-earth: Shadow of Mordor,85,3.91,"Action, RPG","Singleplayer, Steam Achievements, Full controller support, Steam Cloud, Atmospheric, steam-trading-cards, RPG, Story Rich, Open World, Third Person, Fantasy, Gore, Sandbox, Stealth, Action RPG, Hack and Slash, Dark Fantasy, Magic, Parkour, Assassin, Lore-Rich, Based On A Novel, steam, category, microtranzations",https://media.rawg.io/media/games/d1a/d1a2e99ade53494c6330a0ed945fe823.jpg
23027,The Walking Dead: Season 1,92,4.36,"Action, Adventure","Singleplayer, Full controller support, Atmospheric, Story Rich, Third Person, Horror, Gore, Survival, Zombies, Point & Click, Post-apocalyptic, Choices Matter, Mature, Visual Novel, Drama, Episodic, Comic Book, Choose Your Own Adventure, Quick-Time Events",https://media.rawg.io/media/games/8d6/8d69eb6c32ed6acfd75f82d532144993.jpg
41,Little Nightmares,81,4.03,"Action, Adventure, Platformer","Singleplayer, Steam Achievements, Full controller support, Steam Cloud, Atmospheric, steam-trading-cards, Great Soundtrack, Story Rich, Third Person, Horror, Female Protagonist, Stealth, Dark, Survival Horror, controller support, Short, achievements, Puzzle-Platformer, 2.5D",https://media.rawg.io/media/games/8a0/8a02f84a5916ede2f923b88d5f8217ba.jpg
19103,Half-Life 2: Lost Coast,0,3.46,Action,"Singleplayer, Multiplayer, Atmospheric, Great Soundtrack, First-Person, Sci-fi, FPS, Classic, Free to Play, Short, Futuristic, Aliens, Dystopian, Commentary available, Illuminati, Silent Protagonist, Benchmark",https://media.rawg.io/media/games/b7b/b7b8381707152afc7d91f5d95de70e39.jpg
4427,BioShock 2,88,4.07,"Action, Shooter","Singleplayer, Steam Achievements, Multiplayer, Full controller support, Atmospheric, Great Soundtrack, RPG, Story Rich, First-Person, Sci-fi, Horror, FPS, Action RPG, Dark, Dystopian, Linear, Steampunk, Underwater, Philisophical",https://media.rawg.io/media/games/157/15742f2f67eacff546738e1ab5c19d20.jpg
18080,Half-Life,96,4.38,"Action, Shooter","Singleplayer, Multiplayer, Atmospheric, Great Soundtrack, Story Rich, First-Person, Sci-fi, FPS, Funny, Difficult, Classic, Retro, Moddable, Aliens, Valve Anti-Cheat enabled, Linear, 1990's, Silent Protagonist, vr mod",https://media.rawg.io/media/games/6c5/6c55e22185876626881b76c11922b073.jpg
19710,Half-Life 2: Episode One,87,4.38,"Action, Shooter","Singleplayer, Steam Achievements, Steam Cloud, Atmospheric, Great Soundtrack, Story Rich, First-Person, Sci-fi, Partial Controller Support, FPS, Classic, stats, Zombies, Moddable, Captions available, Short, Cinematic, Aliens, Dystopian, Commentary available, Episodic, Includes Source SDK, Silent Protagonist",https://media.rawg.io/media/games/7a2/7a2500ee8b2c0e1ff268bb4479463dea.jpg
19709,Half-Life 2: Episode Two,90,4.46,"Action, Shooter, Puzzle","Singleplayer, Steam Achievements, Multiplayer, Steam Cloud, Atmospheric, Great Soundtrack, Story Rich, First-Person, Sci-fi, Partial Controller Support, Horror, FPS, Classic, stats, Zombies, Post-apocalyptic, Captions available, Aliens, Dystopian, Commentary available, Episodic, Includes Source SDK, Silent Protagonist",https://media.rawg.io/media/games/198/1988a337305e008b41d7f536ce9b73f6.jpg
2551,Dark Souls III,89,4.4,"Action, RPG","Singleplayer, Steam Achievements, Multiplayer, Full controller support, Atmospheric, steam-trading-cards, Great Soundtrack, RPG, Co-op, Story Rich, Open World, cooperative, Third Person, Horror, Exploration, Difficult, Action RPG, PvP, Character Customization, Replay Value, Dark Fantasy, Lore-Rich",https://media.rawg.io/media/games/da1/da1b267764d77221f07a4386b6548e5a.jpg
11936,Half-Life 2: Deathmatch,0,3.29,Action,"Multiplayer, Atmospheric, Co-op, cooperative, First-Person, Sci-fi, FPS, Funny, Free to Play, Physics, Competitive, Valve Anti-Cheat enabled, Includes Source SDK",https://media.rawg.io/media/games/ec3/ec3a7db7b8ab5a71aad622fe7c62632f.jpg
654,Stardew Valley,89,4.39,"RPG, Simulation, Indie","Singleplayer, Steam Achievements, Multiplayer, Steam Cloud, Atmospheric, steam-trading-cards, Great Soundtrack, RPG, Co-op, Open World, 2D, Partial Controller Support, Sandbox, Pixel Graphics, Retro, role-playing, Cute, Crafting, Building, overlay, Relaxing, Dating Sim, Shared/Split Screen Co-op, cloud saves, Fishing, Agriculture, co-op multiplayer",https://media.rawg.io/media/games/713/713269608dc8f2f40f5a670a14b2de94.jpg
10754,BioShock Remastered,0,4.24,Shooter,"Singleplayer, Steam Achievements, Full controller support, Steam Cloud, Atmospheric, Great Soundtrack, RPG, Story Rich, First-Person, Sci-fi, Horror, FPS, Classic, Dark, Dystopian, Remake, Steampunk, Commentary available, Alternate History, Underwater",https://media.rawg.io/media/games/be0/be01c3d7d8795a45615da139322ca080.jpg
3612,Hotline Miami,85,4.38,"Action, Shooter, Arcade, Indie","Singleplayer, Steam Achievements, Atmospheric, steam-trading-cards, Great Soundtrack, 2D, Partial Controller Support, Gore, Difficult, Violent, Pixel Graphics, Retro, controller support, Fast-Paced, Top-Down, overlay, Surreal, Music, 1980s, Top-Down Shooter, Psychedelic",https://media.rawg.io/media/games/9fa/9fa63622543e5d4f6d99aa9d73b043de.jpg
4252,Mirror's Edge,81,4.07,Action,"Singleplayer, Full controller support, Atmospheric, Great Soundtrack, First-Person, Sci-fi, Partial Controller Support, Classic, Female Protagonist, Short, Colorful, Futuristic, Parkour, Dystopian, Stylized, Time Attack, european",https://media.rawg.io/media/games/8e4/8e4de3f54ac659e08a7ba6a2b731682a.jpg
10035,Hitman,83,3.93,"Action, Shooter, Simulation","Singleplayer, Full controller support, Atmospheric, Great Soundtrack, Story Rich, Open World, Third Person, Sandbox, Stealth, Tactical, Third-Person Shooter, Nudity, Crime, Assassin, Episodic, Illuminati, Heist",https://media.rawg.io/media/games/16b/16b1b7b36e2042d1128d5a3e852b3b2f.jpg
3790,Outlast,80,3.76,"Action, Indie","Singleplayer, Steam Achievements, Full controller support, Steam Cloud, Atmospheric, steam-trading-cards, First-Person, Sci-fi, Horror, FPS, Gore, Difficult, Survival, Stealth, Dark, Nudity, Survival Horror, Captions available, controller support, Walking Simulator, Parkour, 3D Vision",https://media.rawg.io/media/games/9dd/9ddabb34840ea9227556670606cf8ea3.jpg
4161,Far Cry 3,88,4.26,"Action, Shooter","Singleplayer, Multiplayer, Atmospheric, RPG, Co-op, Story Rich, Open World, cooperative, First-Person, Partial Controller Support, FPS, Online Co-Op, Sandbox, Survival, Stealth, Nudity, Colorful, Crafting, Hunting",https://media.rawg.io/media/games/15c/15c95a4915f88a3e89c821526afe05fc.jpg
1447,Deus Ex: Mankind Divided,83,3.96,"Action, RPG","Singleplayer, Full controller support, Atmospheric, Great Soundtrack, RPG, Story Rich, Open World, First-Person, Third Person, Sci-fi, FPS, Stealth, Futuristic, Cyberpunk, Dystopian, Illuminati, Conspiracy, Transhumanism",https://media.rawg.io/media/games/00d/00d374f12a3ab5f96c500a2cfa901e15.jpg
10142,PlayerUnknown’s Battlegrounds,81,3.28,"Action, Shooter, Massively Multiplayer","Multiplayer, Co-op, Open World, cooperative, First-Person, FPS, Online Co-Op, Survival, Violent, Online multiplayer, Tactical, Third-Person Shooter, PvP, Battle Royale",https://media.rawg.io/media/games/1bd/1bd2657b81eb0c99338120ad444b24ff.jpg
10533,Path of Exile,86,3.65,"Action, RPG, Massively Multiplayer, Indie","Singleplayer, Steam Achievements, Multiplayer, steam-trading-cards, RPG, Co-op, cooperative, Online Co-Op, Fantasy, Free to Play, Online multiplayer, Action RPG, Hack and Slash, In-App Purchases, Character Customization, Dark Fantasy, mmo, Dungeon Crawler, MMORPG, PvE, Loot, Inventory Management, Fishing",https://media.rawg.io/media/games/d0f/d0f91fe1d92332147e5db74e207cfc7a.jpg
58134,Marvel's Spider-Man,87,4.45,Action,"Singleplayer, Atmospheric, Open World, Exploration, Action-Adventure, exclusive, Cinematic, Beat 'em up, true exclusive, 3rd-Person Perspective, Comic Book, America, Superhero, new york",https://media.rawg.io/media/games/9aa/9aa42d16d425fa6f179fc9dc2f763647.jpg
19487,Alan Wake,83,4.09,"Action, Shooter, Adventure","Singleplayer, Steam Achievements, Full controller support, Steam Cloud, Atmospheric, steam-trading-cards, Great Soundtrack, Story Rich, Open World, Third Person, Horror, Survival, Third-Person Shooter, Dark, Survival Horror, controller support, Mystery, Cinematic, Episodic, Narration, Supernatural, Thriller, psycholoical-horror, enviroment",https://media.rawg.io/media/games/5c0/5c0dd63002cb23f804aab327d40ef119.jpg
29177,Detroit: Become Human,79,4.34,"Action, Adventure","Singleplayer, Steam Achievements, Full controller support, Steam Cloud, Atmospheric, Great Soundtrack, Story Rich, Third Person, Sci-fi, Exploration, Female Protagonist, Violent, Action-Adventure, exclusive, Replay Value, Choices Matter, Cinematic, Futuristic, Multiple Endings, Cyberpunk, Robots, 3rd-Person Perspective, Detective, Drama, Narration, America, Emotional, Beautiful, Dynamic Narration, Remote Play on TV, european, futurism",https://media.rawg.io/media/games/951/951572a3dd1e42544bd39a5d5b42d234.jpg
3696,Wolfenstein: The New Order,81,4.18,"Action, Shooter","Singleplayer, Steam Achievements, Multiplayer, Atmospheric, Great Soundtrack, Story Rich, First-Person, Sci-fi, Partial Controller Support, Horror, FPS, Gore, Steam Leaderboards, Stealth, War, Historical, Dystopian, Robots, World War II, Alternate History",https://media.rawg.io/media/games/c80/c80bcf321da44d69b18a06c04d942662.jpg
9721,Garry's Mod,0,3.81,"Action, Adventure, Simulation, Casual, Indie","Singleplayer, Steam Achievements, Multiplayer, Steam Cloud, steam-trading-cards, Co-op, First-Person, FPS, Online Co-Op, Funny, Sandbox, Comedy, Steam Workshop, Cross-Platform Multiplayer, Includes level editor, Moddable, Captions available, Physics, Building, Valve Anti-Cheat enabled, vr mod, Mod, Animation & Modeling",https://media.rawg.io/media/games/48c/48cb04ca483be865e3a83119c94e6097.jpg
13668,Amnesia: The Dark Descent,85,3.65,"Action, Adventure, Indie","Singleplayer, Full controller support, Atmospheric, Great Soundtrack, Story Rich, First-Person, Horror, Exploration, Classic, Survival, Stealth, Dark, Moddable, Survival Horror, Captions available, Commentary available, Gothic, Lovecraftian",https://media.rawg.io/media/games/b54/b54598d1d5cc31899f4f0a7e3122a7b0.jpg
4332,Spec Ops: The Line,76,4.1,"Action, Shooter","Singleplayer, Steam Achievements, Multiplayer, Full controller support, Steam Cloud, Atmospheric, Great Soundtrack, Co-op, Story Rich, Third Person, Horror, Steam Leaderboards, Third-Person Shooter, Dark, stats, Cross-Platform Multiplayer, War, Post-apocalyptic, Mature, Military, Psychological, Based On A Novel, Political, european",https://media.rawg.io/media/games/b49/b4912b5dbfc7ed8927b65f05b8507f6c.jpg
11935,Half-Life Deathmatch: Source,0,3.21,Action,"Multiplayer, First-Person, Sci-fi, Horror, FPS, Classic, Valve Anti-Cheat enabled",https://media.rawg.io/media/games/174/174fabfca02d5730531bab2153a7dfcb.jpg
4386,Saints Row: The Third,84,3.95,"Action, Adventure","Singleplayer, Multiplayer, Great Soundtrack, RPG, Co-op, Open World, cooperative, Third Person, Partial Controller Support, Online Co-Op, Funny, Sandbox, Female Protagonist, Comedy, Third-Person Shooter, Zombies, Character Customization, Crime, Satire",https://media.rawg.io/media/games/d69/d69810315bd7e226ea2d21f9156af629.jpg
5563,Fallout: New Vegas,84,4.43,"Action, Shooter, RPG","Singleplayer, Steam Achievements, Atmospheric, RPG, Story Rich, Open World, First-Person, Third Person, Sci-fi, Partial Controller Support, FPS, Exploration, Steam Leaderboards, Sandbox, Survival, Action RPG, Moddable, Character Customization, Post-apocalyptic, Western",https://media.rawg.io/media/games/995/9951d9d55323d08967640f7b9ab3e342.jpg
39,Prey,80,4.28,"Action, Shooter, RPG","Singleplayer, Steam Achievements, Full controller support, Steam Cloud, Atmospheric, steam-trading-cards, Great Soundtrack, RPG, Story Rich, Open World, First-Person, Sci-fi, Horror, FPS, Exploration, Violent, Stealth, Space, Survival Horror, Futuristic, Aliens, Heist, Immersive Sim",https://media.rawg.io/media/games/e6d/e6de699bd788497f4b52e2f41f9698f2.jpg
4828,Borderlands,81,3.82,"Action, Shooter, RPG","Singleplayer, Steam Achievements, Multiplayer, Steam Cloud, RPG, Co-op, Open World, cooperative, First-Person, Sci-fi, Partial Controller Support, FPS, Online Co-Op, Funny, Gore, Comedy, Local Co-Op, Action RPG, Post-apocalyptic, Dark Humor, Loot",https://media.rawg.io/media/games/c6b/c6bfece1daf8d06bc0a60632ac78e5bf.jpg
12447,The Elder Scrolls V: Skyrim Special Edition,74,4.45,"Action, RPG","Singleplayer, Steam Achievements, Steam Cloud, Atmospheric, Great Soundtrack, RPG, Story Rich, Open World, First-Person, Third Person, Partial Controller Support, Fantasy, Classic, Female Protagonist, Stealth, Moddable, Character Customization, Magic, Walking Simulator, Remake, Dragons",https://media.rawg.io/media/games/62c/62c7c8b28a27b83680b22fb9d33fc619.jpg
864,Dishonored 2,86,4.26,"Action, RPG","Singleplayer, Steam Achievements, Full controller support, Steam Cloud, Atmospheric, steam-trading-cards, Great Soundtrack, Story Rich, Open World, First-Person, Gore, Exploration, Female Protagonist, Stealth, Magic, Parkour, Dystopian, Steampunk, Assassin, Illuminati, Heist, Supernatural, Immersive Sim",https://media.rawg.io/media/games/f6b/f6bed028b02369d4cab548f4f9337e81.jpg
4248,Dishonored,91,4.38,"Action, Adventure, RPG","Singleplayer, Steam Achievements, Full controller support, Steam Cloud, Atmospheric, RPG, Story Rich, Open World, First-Person, Sci-fi, FPS, Fantasy, Stealth, Dark, Replay Value, Magic, Multiple Endings, Dystopian, Steampunk, Assassin",https://media.rawg.io/media/games/4e6/4e6e8e7f50c237d76f38f3c885dae3d2.jpg
9882,Don't Starve Together,83,3.77,"Action, Simulation, Indie","Singleplayer, Multiplayer, Full controller support, Atmospheric, steam-trading-cards, Co-op, Open World, cooperative, 2D, Horror, Online Co-Op, Funny, Difficult, Sandbox, Survival, Local Co-Op, Steam Workshop, Cross-Platform Multiplayer, Survival Horror, Crafting, Roguelike",https://media.rawg.io/media/games/dd5/dd50d4266915d56dd5b63ae1bf72606a.jpg
12536,Hellblade: Senua's Sacrifice,83,4.22,"Action, Adventure, Indie","Singleplayer, Steam Achievements, Full controller support, Steam Cloud, Atmospheric, steam-trading-cards, Story Rich, Third Person, Horror, Fantasy, Female Protagonist, Violent, Action-Adventure, Dark, Hack and Slash, Dark Fantasy, Realistic, Walking Simulator, Blood, Psychological, Mythology",https://media.rawg.io/media/games/63f/63f0e68688cad279ed38cde931dbfcdb.jpg
430,Grand Theft Auto: Vice City,94,4.44,Action,"Singleplayer, Multiplayer, Atmospheric, Great Soundtrack, Open World, Third Person, Partial Controller Support, Funny, Classic, Sandbox, Violent, Third-Person Shooter, Moddable, Mature, Crime, Driving, 1980s, first person mod",https://media.rawg.io/media/games/13a/13a528ac9cf48bbb6be5d35fe029336d.jpg
10243,Company of Heroes 2,80,3.1,Strategy,"Singleplayer, Steam Achievements, Multiplayer, Steam Cloud, Atmospheric, steam-trading-cards, Great Soundtrack, Co-op, cooperative, Online Co-Op, Tactical, stats, Steam Workshop, War, Historical, RTS, Military, Base Building, World War II, Real-Time with Pause, Real-Time, Tanks",https://media.rawg.io/media/games/0bd/0bd5646a3d8ee0ac3314bced91ea306d.jpg
17540,Injustice: Gods Among Us Ultimate Edition,80,3.53,"Action, Arcade, Fighting","Singleplayer, Steam Achievements, Multiplayer, Full controller support, Steam Cloud, Atmospheric, steam-trading-cards, Great Soundtrack, Story Rich, 2D, Gore, Steam Leaderboards, Controller, Local Multiplayer, Competitive, Beat 'em up, 3D Vision, 2.5D, Comic Book, Superhero, 2D Fighter, Batman",https://media.rawg.io/media/games/234/23410661770ae13eac11066980834367.jpg
3841,Assassin’s Creed IV: Black Flag,85,4.16,Action,"Singleplayer, Multiplayer, Atmospheric, RPG, Story Rich, Open World, Third Person, Exploration, Sandbox, Stealth, Action-Adventure, Action RPG, Mature, Historical, Parkour, Assassin, Pirates, Naval",https://media.rawg.io/media/games/849/849414b978db37d4563ff9e4b0d3a787.jpg
5583,Hitman: Absolution,79,3.76,"Action, Shooter","Singleplayer, Multiplayer, Atmospheric, Story Rich, Third Person, Partial Controller Support, Difficult, Stealth, Controller, Tactical, Third-Person Shooter, Replay Value, Cinematic, Crime, Linear, Assassin, Score Attack",https://media.rawg.io/media/games/d46/d46373f39458670305704ef089387520.jpg
13633,Sid Meier's Civilization V,90,4.29,Strategy,"Singleplayer, Steam Achievements, Multiplayer, Steam Cloud, steam-trading-cards, Great Soundtrack, Co-op, cooperative, Classic, Tactical, Moddable, Turn-Based, Replay Value, Historical, Turn-Based Strategy, Economy, Grand Strategy, Touch-Friendly, Education, 4X, Hex Grid, Diplomacy",https://media.rawg.io/media/games/55e/55ee6432ac2bf224610fa17e4c652107.jpg
58812,Control,84,4.14,"Action, Shooter, Adventure","Singleplayer, Full controller support, Atmospheric, Third Person, Sci-fi, Exploration, Female Protagonist, Action-Adventure, Cinematic, Metroidvania, 3rd-Person Perspective, Detective, Supernatural, Abstract, realism, paranormal",https://media.rawg.io/media/games/253/2534a46f3da7fa7c315f1387515ca393.jpg
4514,L.A. Noire,83,4.16,"Action, Adventure","Singleplayer, Atmospheric, RPG, Story Rich, Open World, Third Person, Partial Controller Support, Third-Person Shooter, Nudity, Mystery, Mature, Cinematic, Crime, Detective, 3D Vision, Noir, Investigation",https://media.rawg.io/media/games/e2d/e2d3f396b16dded0f841c17c9799a882.jpg
3144,Super Meat Boy,87,3.98,"Indie, Platformer","Singleplayer, Steam Achievements, Full controller support, steam-trading-cards, Great Soundtrack, 2D, Funny, Gore, Difficult, Steam Leaderboards, Comedy, Pixel Graphics, Controller, Retro, Replay Value, Side Scroller, Fast-Paced, Level Editor, Time Attack, Precision Platformer",https://media.rawg.io/media/games/e04/e04963f3ac4c4fa83a1dc0b9231e50db.jpg
257201,Star Wars Jedi: Fallen Order,80,4.13,"Action, Adventure","Singleplayer, Full controller support, Atmospheric, Story Rich, Third Person, Sci-fi, Exploration, Difficult, Space, Hack and Slash, Metroidvania, 3rd-Person Perspective, Heist, Souls-like, Star Wars, ea play, cinema, lightsaber, Singe-player",https://media.rawg.io/media/games/559/559bc0768f656ad0c63c54b80a82d680.jpg
362,For Honor,76,3.3,"Action, Massively Multiplayer","Singleplayer, Multiplayer, Atmospheric, steam-trading-cards, RPG, Co-op, Story Rich, cooperative, Third Person, Partial Controller Support, Online Co-Op, Fantasy, Gore, Online multiplayer, PvP, Hack and Slash, War, Realistic, Medieval, MOBA, Swordplay",https://media.rawg.io/media/games/4e0/4e0e7b6d6906a131307c94266e5c9a1c.jpg
2462,Uncharted 4: A Thief’s End,93,4.48,"Action, Shooter","Atmospheric, Action-Adventure, 3rd-Person Perspective",https://media.rawg.io/media/games/709/709bf81f874ce5d25d625b37b014cb63.jpg
4570,Dead Space (2008),86,4.39,"Action, Shooter","Singleplayer, Full controller support, Atmospheric, RPG, Story Rich, Third Person, Sci-fi, Horror, Gore, Survival, Third-Person Shooter, Dark, Space, Zombies, Survival Horror, controller support, Futuristic, Aliens, Silent Protagonist",https://media.rawg.io/media/games/ebd/ebdbb7eb52bd58b0e7fa4538d9757b60.jpg
11934,Counter-Strike: Source,88,3.75,Shooter,"Singleplayer, Steam Achievements, Multiplayer, Steam Cloud, Atmospheric, First-Person, FPS, Difficult, Sandbox, Survival, Tactical, stats, PvP, Cross-Platform Multiplayer, Moddable, War, Team-Based, Military, Competitive, Valve Anti-Cheat enabled, Includes Source SDK, e-sports",https://media.rawg.io/media/games/48e/48e63bbddeddbe9ba81942772b156664.jpg
4806,Mass Effect 2,94,4.45,"Action, RPG","Singleplayer, Atmospheric, Great Soundtrack, RPG, Story Rich, Third Person, Sci-fi, Classic, Female Protagonist, Action RPG, Third-Person Shooter, Space, Character Customization, Choices Matter, Cinematic, Real-Time with Pause, Romance",https://media.rawg.io/media/games/3cf/3cff89996570cf29a10eb9cd967dcf73.jpg
50738,Death Stranding,84,4.31,"Action, Adventure","Singleplayer, Atmospheric, Great Soundtrack, Story Rich, Open World, Third Person, Sci-fi, Partial Controller Support, Horror, Exploration, Survival, Stealth, Action-Adventure, Nudity, Post-apocalyptic, Cinematic, Aliens, Memes, Walking Simulator, 3rd-Person Perspective, Drama, Heist, Masterpiece",https://media.rawg.io/media/games/2ad/2ad87a4a69b1104f02435c14c5196095.jpg
3017,Just Cause 3,74,3.4,"Action, Shooter","Singleplayer, Steam Achievements, Multiplayer, Full controller support, Atmospheric, steam-trading-cards, Great Soundtrack, RPG, Co-op, Open World, cooperative, Third Person, Funny, Exploration, Sandbox, Comedy, Third-Person Shooter, Moddable, Physics, Parkour, Destruction",https://media.rawg.io/media/games/5bb/5bb55ccb8205aadbb6a144cf6d8963f1.jpg
3604,Metro: Last Light Redux,76,4.13,"Action, Shooter","Singleplayer, Steam Achievements, Multiplayer, Full controller support, Steam Cloud, Atmospheric, steam-trading-cards, Story Rich, Open World, First-Person, Sci-fi, Horror, FPS, Difficult, Survival, Stealth, Nudity, Survival Horror, Post-apocalyptic, overlay, Remake, Based On A Novel",https://media.rawg.io/media/games/7a4/7a45e4cdc5b07f316d49cf147b083b27.jpg
3603,Metro 2033 Redux,88,4.1,"Action, Shooter","Singleplayer, Steam Achievements, Multiplayer, Full controller support, Steam Cloud, Atmospheric, steam-trading-cards, Story Rich, Open World, First-Person, Horror, FPS, Gore, Classic, Survival, Stealth, Dark, Survival Horror, Post-apocalyptic, Mature, overlay, Remake, online, city, Based On A Novel, fire, light",https://media.rawg.io/media/games/4fb/4fb548e4816c84d1d70f1a228fb167cc.jpg
19301,Counter-Strike,88,4.06,"Action, Shooter","Multiplayer, First-Person, FPS, Classic, Survival, Tactical, PvP, Team-Based, Military, Competitive, Valve Anti-Cheat enabled, 1990's, Assassin, 1980s, Ninja, Score Attack, e-sports",https://media.rawg.io/media/games/9c4/9c47f320eb73c9a02d462e12f6206b26.jpg
3543,Borderlands: The Pre-Sequel,75,3.56,"Action, Shooter, RPG","Singleplayer, Steam Achievements, Multiplayer, Full controller support, Steam Cloud, Atmospheric, steam-trading-cards, RPG, Co-op, Open World, cooperative, First-Person, Sci-fi, FPS, Online Co-Op, Funny, Female Protagonist, Comedy, Action RPG, Space, Memes, Loot",https://media.rawg.io/media/games/530/5302dd22a190e664531236ca724e8726.jpg
13535,Left 4 Dead,89,4.11,"Action, Shooter","Singleplayer, Steam Achievements, Multiplayer, Full controller support, Steam Cloud, Atmospheric, Co-op, cooperative, First-Person, Horror, FPS, Online Co-Op, Steam Leaderboards, Female Protagonist, Survival, Tactical, stats, Zombies, Moddable, Post-apocalyptic, Captions available, Replay Value, Team-Based, Competitive, Valve Anti-Cheat enabled, Commentary available, Includes Source SDK",https://media.rawg.io/media/games/476/476178ef18ab0534771d099f51cdc694.jpg
11142,BioShock 2 Remastered,0,4.0,"Action, RPG","Singleplayer, Steam Achievements, Multiplayer, Full controller support, Steam Cloud, Atmospheric, RPG, Story Rich, First-Person, Sci-fi, Horror, FPS, Dystopian, Steampunk",https://media.rawg.io/media/games/7c4/7c448374df84b607f67ce9182a3a3ca7.jpg
274755,Hades,93,4.42,"Action, Adventure, RPG, Indie","Singleplayer, Full controller support, Atmospheric, Great Soundtrack, RPG, Story Rich, 2D, Fantasy, Action-Adventure, Action RPG, Early Access, Hack and Slash, Replay Value, Roguelike, Isometric, Roguelite, Dungeon Crawler, Hand-drawn, Perma Death, dungeons",https://media.rawg.io/media/games/1f4/1f47a270b8f241e4676b14d39ec620f7.jpg
3747,Metal Gear Solid V: Ground Zeroes,80,3.91,"Action, Shooter","Singleplayer, Steam Achievements, Full controller support, Steam Cloud, Atmospheric, Great Soundtrack, Story Rich, Open World, Third Person, Steam Leaderboards, Classic, Sandbox, Comedy, Stealth, Tactical, Third-Person Shooter, Dark, Replay Value, Short, Cinematic, Cold War",https://media.rawg.io/media/games/7ac/7aca7ccf0e70cd0974cb899ab9e5158e.jpg
10141,NieR:Automata,86,4.37,"Action, RPG","Singleplayer, Steam Achievements, Steam Cloud, Atmospheric, steam-trading-cards, Great Soundtrack, RPG, Story Rich, Open World, Sci-fi, Partial Controller Support, Female Protagonist, Violent, Anime, Nudity, Hack and Slash, Post-apocalyptic, JRPG, Robots, Bullet Hell, Character Action Game, Spectacle fighter",https://media.rawg.io/media/games/5a4/5a44112251d70a25291cc33757220fce.jpg
22509,Minecraft,83,4.44,"Action, Simulation, Arcade, Massively Multiplayer, Indie","Multiplayer, Sandbox, 3D, Crafting, Building, vr mod, open-world, cube, modding, procedural-generation",https://media.rawg.io/media/games/b4e/b4e4c73d5aa4ec66bbf75375c4847a2b.jpg
108,Mortal Kombat X,76,3.86,"Action, Fighting","Singleplayer, Steam Achievements, Multiplayer, Full controller support, Steam Cloud, Atmospheric, steam-trading-cards, Great Soundtrack, Third Person, Horror, Online Co-Op, Fantasy, Gore, Steam Leaderboards, Female Protagonist, Violent, Local Multiplayer, Mature, Competitive, Blood, 2.5D, 2D Fighter",https://media.rawg.io/media/games/aa3/aa36ba4b486a03ddfaef274fb4f5afd4.jpg
4166,Mass Effect,89,4.39,"Action, RPG","Singleplayer, Atmospheric, Great Soundtrack, RPG, Story Rich, Open World, Third Person, Sci-fi, Female Protagonist, Action RPG, Third-Person Shooter, Space, Character Customization, Choices Matter, Dark Fantasy, Real-Time with Pause, Romance",https://media.rawg.io/media/games/a6c/a6ccd34125c594abf1a9c9821b9a715d.jpg
3636,The Last Of Us Remastered,95,4.69,"Action, Adventure","Multiplayer, Atmospheric, Survival, Stealth, Action-Adventure, Action RPG, Zombies, exclusive, 3rd-Person Perspective",https://media.rawg.io/media/games/364/3642d850efb217c58feab80b8affaa89.jpg
4513,Just Cause 2,84,3.62,"Action, Shooter","Singleplayer, Steam Achievements, Multiplayer, Full controller support, Steam Cloud, Atmospheric, Co-op, Open World, cooperative, Third Person, FPS, Funny, Exploration, Sandbox, Comedy, Third-Person Shooter, Moddable, Physics, 3D Vision, Destruction",https://media.rawg.io/media/games/a3c/a3c529a12c896c0ef02db5b4741de2ba.jpg
326292,Fall Guys: Ultimate Knockout,80,3.73,"Action, Sports, Casual, Massively Multiplayer, Indie","Steam Achievements, Full controller support, Online multiplayer, Cross-Platform Multiplayer",https://media.rawg.io/media/games/5eb/5eb49eb2fa0738fdb5bacea557b1bc57.jpg
11147,ARK: Survival Of The Fittest,0,2.6,"Action, RPG, Strategy, Massively Multiplayer, Indie","Singleplayer, Multiplayer, RPG, Co-op, Open World, First-Person, Partial Controller Support, FPS, Exploration, Steam Leaderboards, Sandbox, Survival, Free to Play, Early Access, stats, Steam Workshop, PvP, Includes level editor, Crafting, Dragons, Dinosaurs",https://media.rawg.io/media/games/095/0953bf01cd4e4dd204aba85489ac9868.jpg
46889,Monster Hunter: World,89,4.0,"Action, Adventure, RPG","Singleplayer, Multiplayer, Atmospheric, Great Soundtrack, RPG, Co-op, Open World, cooperative, Third Person, Partial Controller Support, Online Co-Op, Fantasy, Exploration, Difficult, Action-Adventure, Action RPG, stats, Hack and Slash, Character Customization, Replay Value, JRPG, 3rd-Person Perspective, Souls-like, Hunting, Dinosaurs, Monsters, atmosphere",https://media.rawg.io/media/games/21c/21cc15d233117c6809ec86870559e105.jpg
3191,Mad Max,73,3.78,"Action, Adventure","Singleplayer, Multiplayer, Full controller support, Atmospheric, RPG, Open World, First-Person, Third Person, Exploration, Sandbox, Survival, Third-Person Shooter, War, Post-apocalyptic, Driving, movie-based",https://media.rawg.io/media/games/d7d/d7d33daa1892e2468cd0263d5dfc957e.jpg
480,Resident Evil 7: Biohazard,85,4.33,"Action, Shooter, Adventure","Singleplayer, Steam Achievements, Multiplayer, Full controller support, Steam Cloud, Atmospheric, steam-trading-cards, Story Rich, First-Person, Horror, FPS, Gore, Exploration, Classic, Survival, Violent, Action-Adventure, Zombies, Survival Horror, Cinematic, Memes, VR, Detective, America",https://media.rawg.io/media/games/cee/cee577e2097a59b77193fe2bce94667d.jpg
25,Middle-earth: Shadow of War,82,3.86,"Action, RPG","Singleplayer, Steam Achievements, Full controller support, Steam Cloud, Atmospheric, steam-trading-cards, Great Soundtrack, RPG, Story Rich, Open World, Third Person, Fantasy, Gore, Violent, Stealth, Action RPG, Anime, Hack and Slash, War, In-App Purchases, Dark Fantasy, Medieval, Magic",https://media.rawg.io/media/games/21a/21ad672cedee9b4378abb6c2d2e626ee.jpg
613,Bastion,86,4.15,"Action, Adventure, RPG, Indie","Singleplayer, Steam Achievements, Full controller support, Steam Cloud, Atmospheric, steam-trading-cards, Great Soundtrack, RPG, Story Rich, 2D, Fantasy, Steam Leaderboards, Action RPG, Controller, role-playing, Hack and Slash, Post-apocalyptic, controller support, Short, Colorful, Isometric, Music, Hand-drawn, Narration, Twin Stick Shooter, Dynamic Narration, Narrative",https://media.rawg.io/media/games/f99/f9979698c43fd84c3ab69280576dd3af.jpg
17576,Batman: Arkham City - Game of the Year Edition,91,4.4,"Action, Adventure","Singleplayer, Steam Achievements, Steam Cloud, Atmospheric, steam-trading-cards, Story Rich, Open World, Third Person, Partial Controller Support, Sandbox, Stealth, Action-Adventure, Controller, Cinematic, Beat 'em up, Metroidvania, Detective, 3D Vision, Comic Book, Superhero, Batman",https://media.rawg.io/media/games/c50/c5085506fe4b5e20fc7aa5ace842c20b.jpg
923,Titanfall 2,87,4.31,"Action, Shooter","Singleplayer, Steam Achievements, Multiplayer, Full controller support, Atmospheric, First-Person, Sci-fi, FPS, Gore, Exploration, Violent, Action-Adventure, PvP, Cinematic, combat, Futuristic, Team-Based, RTS, Fast-Paced, Military, Parkour, Online PvP, Steam Trading Cards, Robots, Time Travel, Mechs, Hero Shooter, grappling-hook",https://media.rawg.io/media/games/569/56978b5a77f13aa2ec5d09ec81d01cad.jpg
10989,Paladins,78,3.08,"Action, Shooter","Steam Achievements, Multiplayer, steam-trading-cards, Co-op, cooperative, First-Person, Partial Controller Support, FPS, Online Co-Op, Fantasy, Funny, Survival, Free to Play, Online multiplayer, Early Access, PvP, Anime, In-App Purchases, Team-Based, Memes, MOBA",https://media.rawg.io/media/games/d2c/d2c74dacd89fd817c2deb625b01adb1a.jpg
9810,ARK: Survival Evolved,70,3.08,"Action, Adventure, RPG, Massively Multiplayer, Indie","Singleplayer, Steam Achievements, Multiplayer, Full controller support, Steam Cloud, RPG, Co-op, Open World, cooperative, First-Person, Sci-fi, Sandbox, Survival, Free to Play, Early Access, Steam Workshop, role-playing, Includes level editor, Crafting, Building, VR, Valve Anti-Cheat enabled, mmo, MMORPG, Base Building, Dragons, Dinosaurs",https://media.rawg.io/media/games/58a/58ac7f6569259dcc0b60b921869b19fc.jpg
3387,Bloodborne,92,4.41,"Action, RPG","Atmospheric, Story Rich, Third Person, Exploration, Character Customization, exclusive, Dark Fantasy, true exclusive",https://media.rawg.io/media/games/214/214b29aeff13a0ae6a70fc4426e85991.jpg
10065,Cities: Skylines,85,4.12,"Strategy, Simulation","Singleplayer, Steam Achievements, Steam Cloud, steam-trading-cards, Great Soundtrack, Partial Controller Support, Funny, Sandbox, Steam Workshop, Includes level editor, Moddable, Family Friendly, Replay Value, Realistic, Building, Management, Real-Time with Pause, Resource Management, Economy, City Builder, Mod, Modern",https://media.rawg.io/media/games/25c/25c4776ab5723d5d735d8bf617ca12d9.jpg
3254,Journey,92,4.32,"Adventure, Family, Indie","Singleplayer, Steam Achievements, Multiplayer, Full controller support, Atmospheric, Great Soundtrack, Co-op, Story Rich, cooperative, First-Person, Horror, FPS, Online Co-Op, Exploration, Classic, Free to Play, Action-Adventure, Family Friendly, Mystery, 3D, Multiple Endings, 3rd-Person Perspective, Music, Stylized, Masterpiece, Beautiful, calm, peaceful",https://media.rawg.io/media/games/baf/baf9905270314e07e6850cffdb51df41.jpg
13627,Undertale,92,4.35,"RPG, Indie","Singleplayer, Great Soundtrack, RPG, Story Rich, 2D, Horror, Funny, Comedy, Pixel Graphics, Dark, Retro, role-playing, Cute, Replay Value, Choices Matter, Memes, Multiple Endings, overlay, Bullet Hell, Dating Sim",https://media.rawg.io/media/games/ffe/ffed87105b14f5beff72ff44a7793fd5.jpg
17572,Batman: Arkham Asylum Game of the Year Edition,91,4.39,"Action, Adventure, Platformer","Singleplayer, Steam Achievements, Steam Cloud, Atmospheric, steam-trading-cards, Story Rich, Open World, Third Person, Partial Controller Support, Horror, Stealth, Action-Adventure, Controller, Beat 'em up, Metroidvania, Detective, 3D Vision, Comic Book, Superhero, Batman",https://media.rawg.io/media/games/fd8/fd882c8267a44621a0de6f9cec77ae90.jpg
9743,Unturned,0,2.74,"Action, Shooter","Singleplayer, Steam Achievements, Multiplayer, Steam Cloud, Atmospheric, steam-trading-cards, Co-op, Open World, cooperative, First-Person, Horror, FPS, Online Co-Op, Sandbox, Survival, Free to Play, Online multiplayer, Early Access, stats, Steam Workshop, Zombies, Includes level editor, In-App Purchases, Post-apocalyptic, Crafting, VR, Valve Anti-Cheat enabled",https://media.rawg.io/media/games/18c/18ca24ed4b700668c36b11ebc35f3d23.jpg
45969,Warhammer: Vermintide 2,82,3.61,"Action, Indie","Co-op, cooperative, Online Co-Op, Gore, Violent, Games Workshop",https://media.rawg.io/media/games/5be/5bec14622f6faf804a592176577c1347.jpg
23585,Far Cry 5,80,3.72,"Action, Shooter","Singleplayer, Multiplayer, Atmospheric, steam-trading-cards, Co-op, Story Rich, Open World, cooperative, First-Person, Partial Controller Support, FPS, Exploration, Female Protagonist, Survival, Stealth, Includes level editor, Character Customization, Captions available, Memes, Illuminati, America, Hunting, microtransactions",https://media.rawg.io/media/games/bce/bce62fbc7cf74bf6a1a37340993ec148.jpg
13910,XCOM: Enemy Unknown,89,4.2,Strategy,"Singleplayer, Steam Achievements, Multiplayer, Full controller support, Steam Cloud, Atmospheric, steam-trading-cards, Great Soundtrack, RPG, Sci-fi, Difficult, Tactical, Cross-Platform Multiplayer, Character Customization, Turn-Based, Replay Value, Futuristic, Isometric, Aliens, Turn-Based Strategy, Base Building, Turn-Based Tactics, Perma Death",https://media.rawg.io/media/games/238/2383a172b4d50a7b44e07980eb7141ea.jpg
13554,Fallout,0,4.21,RPG,"Singleplayer, Steam Cloud, Atmospheric, RPG, Open World, 2D, Sci-fi, Exploration, Difficult, Classic, Sandbox, Tactical, Retro, role-playing, Post-apocalyptic, Turn-Based, Isometric, Multiple Endings, 1990's, Turn-Based Combat, CRPG, gameplay feature: multiple endings, gameplay feature: drug addiction, gameplay feature: gambling, gameplay feature: karma meter, gameplay feature: radiation / radioactive poisoning, gameplay feature: targeting system, wasteland universe, weapon: minigun, fallout games, game feature: hexagonal map, gameplay feature: auto-mapping, gameplay feature: character development - skill distribution, gameplay feature: day / night cycle",https://media.rawg.io/media/games/14a/14a83c56ff668baaced6e8c8704b6391.jpg
1416,Mafia II,77,4.25,"Action, Shooter","Singleplayer, Steam Achievements, Multiplayer, Atmospheric, Great Soundtrack, RPG, Story Rich, Open World, Third Person, Partial Controller Support, Classic, Sandbox, Third-Person Shooter, Nudity, Crime, Driving, 3D Vision, Music, America",https://media.rawg.io/media/games/9e5/9e5b274c7e3aa5e30beba31b834b0e7e.jpg
18240,Brothers: A Tale of Two Sons,90,4.18,"Action, Adventure, Indie","Singleplayer, Steam Achievements, Multiplayer, Full controller support, Atmospheric, Great Soundtrack, Story Rich, 2D, Third Person, Fantasy, Survival, Local Co-Op, Controller, controller support, Short, Colorful, Turn-Based Strategy, Walking Simulator, Top-Down, Linear, 3D Vision, Stylized, Drama, Hand-drawn, Turn-Based Tactics, Lore-Rich, Puzzle Platformer, Grid-Based Movement, solitaire, Foreign, Faith, Sokoban",https://media.rawg.io/media/games/b6b/b6b20bfc4b34e312dbc8aac53c95a348.jpg
3687,Watch Dogs,77,3.6,"Action, Adventure","Singleplayer, Multiplayer, Atmospheric, RPG, Co-op, Open World, cooperative, Third Person, Partial Controller Support, FPS, Sandbox, Stealth, Third-Person Shooter, Futuristic, Parkour, Driving, Hacking, first person mod",https://media.rawg.io/media/games/879/879c930f9c6787c920153fa2df452eb3.jpg
2743,Heavy Rain,80,4.12,"Action, Adventure","Singleplayer, Steam Achievements, Full controller support, Steam Cloud, Atmospheric, Story Rich, Third Person, Comedy, Violent, Nudity, Mystery, Choices Matter, Cinematic, Memes, Sexual Content, Multiple Endings, Detective, Drama, Narration, Emotional, Interactive Fiction, Investigation, Dynamic Narration",https://media.rawg.io/media/games/0af/0af85e8edddfa55368e47c539914a220.jpg
51329,Shadow of the Tomb Raider,78,3.92,"Action, Adventure","Singleplayer, Steam Achievements, Full controller support, Steam Cloud, Atmospheric, steam-trading-cards, Great Soundtrack, Story Rich, Open World, Third Person, Gore, Exploration, Female Protagonist, Survival, Violent, Stealth, Action-Adventure, Dark, Lara Croft",https://media.rawg.io/media/games/7f6/7f6cd70ba2ad57053b4847c13569f2d8.jpg
50734,Sekiro: Shadows Die Twice,90,4.38,"Action, RPG","Singleplayer, Atmospheric, Great Soundtrack, RPG, Story Rich, Open World, Third Person, Partial Controller Support, Exploration, Difficult, Violent, Stealth, Action-Adventure, Action RPG, Nudity, Dark Fantasy, Memes, Sexual Content, JRPG, 3rd-Person Perspective, Assassin, Souls-like, Ninja",https://media.rawg.io/media/games/67f/67f62d1f062a6164f57575e0604ee9f6.jpg
1450,INSIDE,87,4.38,"Action, Adventure, Indie, Puzzle, Platformer","Singleplayer, Steam Achievements, Full controller support, Steam Cloud, Atmospheric, Great Soundtrack, Story Rich, Sci-fi, Horror, Stealth, Dark, controller support, Mystery, Short, Dystopian, achievements, Puzzle-Platformer, 2.5D, european, Oyun Kumandası Desteği, Steam Başarımları, Tek Oyunculu",https://media.rawg.io/media/games/d5a/d5a24f9f71315427fa6e966fdd98dfa6.jpg
5525,Brutal Legend,80,3.64,"Action, Strategy","Singleplayer, Steam Achievements, Multiplayer, Full controller support, Steam Cloud, Atmospheric, steam-trading-cards, Great Soundtrack, RPG, Open World, Third Person, Fantasy, Funny, Comedy, Action-Adventure, Action RPG, Hack and Slash, controller support, RTS, Beat 'em up, Music, Gothic, Real time strategy",https://media.rawg.io/media/games/af7/af7a831001c5c32c46e950cc883b8cb7.jpg
28201,Metro Exodus,81,4.17,"Action, Shooter","Singleplayer, Steam Achievements, Full controller support, Steam Cloud, Atmospheric, steam-trading-cards, Great Soundtrack, Story Rich, First-Person, Sci-fi, Horror, FPS, Gore, Exploration, Survival, Violent, Stealth, Survival Horror, Post-apocalyptic, Crafting, Cinematic, steam, category, meat, russia",https://media.rawg.io/media/games/152/152e788b7504aa2753c86dae912fb34c.jpg
28179,SEGA Mega Drive and Genesis Classics,76,2.98,"Action, Adventure, RPG, Fighting, Platformer","Singleplayer, Multiplayer, Full controller support, RPG, Co-op, cooperative, 2D, Local Co-Op, Retro, Steam Workshop, VR, Beat 'em up",https://media.rawg.io/media/games/0fd/0fd84d36596a83ef2e5a35f63a072218.jpg
2361,Psychonauts,87,4.05,"Action, Platformer","Singleplayer, Steam Achievements, Steam Cloud, steam-trading-cards, Great Soundtrack, Story Rich, Third Person, Partial Controller Support, Funny, Exploration, Classic, Comedy, Action-Adventure, Cute, 3D, 3D Vision, Surreal, 3D Platformer, Cartoony, Cult Classic, Psychological",https://media.rawg.io/media/games/c89/c89ca70716080733d03724277df2c6c7.jpg
4280,Max Payne 3,87,4.26,"Action, Shooter","Singleplayer, Steam Achievements, Multiplayer, Atmospheric, Great Soundtrack, Co-op, Story Rich, Open World, Third Person, Partial Controller Support, FPS, Violent, Third-Person Shooter, Dark, Nudity, Cinematic, Linear, 3D Vision, Noir, Bullet Time",https://media.rawg.io/media/games/5bf/5bf88a28de96321c86561a65ee48e6c2.jpg
9830,Brawlhalla,0,3.22,"Action, Casual, Fighting, Indie","Singleplayer, Multiplayer, Full controller support, steam-trading-cards, Co-op, cooperative, 2D, Online Co-Op, Survival, Free to Play, Online multiplayer, Split Screen, Local Co-Op, Controller, Local Multiplayer, Early Access, Cross-Platform Multiplayer, Beat 'em up, 4 Player Local, 2D Fighter",https://media.rawg.io/media/games/35b/35b47c4d85cd6e08f3e2ca43ea5ce7bb.jpg
2819,Firewatch,81,4.3,"Adventure, Indie","Atmospheric, Great Soundtrack, Story Rich, Horror, Exploration, Mystery, Short, Colorful, Mature, Walking Simulator, Visual Novel, Drama, Interactive Fiction, Thriller, interactive movie, interactive game",https://media.rawg.io/media/games/0be/0bea0a08a4d954337305391b778a7f37.jpg
58616,Assassin's Creed Odyssey,85,3.97,"Action, RPG","Singleplayer, Atmospheric, steam-trading-cards, RPG, Story Rich, Open World, Third Person, Partial Controller Support, Female Protagonist, Stealth, In-App Purchases, Captions available, Historical, Parkour, Assassin",https://media.rawg.io/media/games/c6b/c6bd26767c1053fef2b10bb852943559.jpg
28568,Assassin's Creed II,89,4.43,Action,"Assassin, hero, Swords",https://media.rawg.io/media/games/1be/1bed7fae69d1004c09dfe1101d5a3a94.jpg
2093,No Man's Sky,75,3.71,"Action, Adventure, RPG, Simulation, Massively Multiplayer, Indie","Singleplayer, Steam Achievements, Multiplayer, Full controller support, Steam Cloud, Atmospheric, Great Soundtrack, Open World, First-Person, Sci-fi, Horror, FPS, Exploration, Sandbox, Survival, Space, controller support, Mystery, Crafting, overlay, online, achievements, Procedural Generation, Illuminati, console, Epic, nature, offline, Science, fight, cloud saves, weapons, Space Sim, journey, ship, planets, galaxy, light, sun, sky",https://media.rawg.io/media/games/174/1743b3dd185bda4a7be349347d4064df.jpg
3931,Saints Row IV,86,3.82,"Action, Adventure","Singleplayer, Multiplayer, Full controller support, Steam Cloud, Great Soundtrack, Co-op, Open World, cooperative, Third Person, Sci-fi, Online Co-Op, Funny, Sandbox, Female Protagonist, Comedy, Third-Person Shooter, Character Customization, Aliens, Dark Humor, Superhero, first person mod, Parody",https://media.rawg.io/media/games/e3d/e3ddc524c6292a435d01d97cc5f42ea7.jpg
8488,Tom Clancy's Rainbow Six Siege,75,3.88,"Action, Shooter","Singleplayer, Multiplayer, Atmospheric, steam-trading-cards, Co-op, First-Person, Partial Controller Support, FPS, Online Co-Op, Female Protagonist, Tactical, Realistic, Physics, Team-Based, Competitive, Destruction",https://media.rawg.io/media/games/b34/b3419c2706f8f8dbe40d08e23642ad06.jpg
3556,Alien: Isolation,81,4.21,"Action, Adventure","Singleplayer, Steam Achievements, Full controller support, Steam Cloud, Atmospheric, Great Soundtrack, First-Person, Sci-fi, Horror, FPS, Gore, Difficult, Female Protagonist, Survival, Stealth, Space, Survival Horror, Aliens, vr mod",https://media.rawg.io/media/games/daa/daaee07fcb40744d90cf8142f94a241f.jpg
326243,Elden Ring,95,4.38,"Action, RPG","Singleplayer, Steam Achievements, Multiplayer, Full controller support, Atmospheric, Great Soundtrack, RPG, Co-op, Open World, cooperative, Third Person, Online Co-Op, Fantasy, Difficult, Violent, Action RPG, PvP, 3D, Dark Fantasy, Online PvP, Steam Trading Cards, Epic, Souls-like, history",https://media.rawg.io/media/games/b29/b294fdd866dcdb643e7bab370a552855.jpg
262382,Disco Elysium,91,4.37,"Adventure, RPG, Indie","Singleplayer, RPG, Story Rich, role-playing, Isometric",https://media.rawg.io/media/games/840/8408ad3811289a6a5830cae60fb0b62a.jpg
4223,The Darkness II,77,3.71,Action,"Singleplayer, Steam Achievements, Multiplayer, Atmospheric, Co-op, Story Rich, cooperative, First-Person, Partial Controller Support, Horror, FPS, Funny, Gore, Violent, Dark, Nudity, Short, Multiple Endings, Comic Book, Supernatural",https://media.rawg.io/media/games/744/744adc36e6573dd67a0cb0e373738d19.jpg
28154,Cuphead,87,4.37,"Action, Indie, Platformer","Singleplayer, Steam Achievements, Full controller support, Steam Cloud, Great Soundtrack, Co-op, cooperative, 2D, Funny, Difficult, Local Co-Op, Retro, Captions available, Colorful, Side Scroller, Shoot 'Em Up, Hand-drawn, Cartoony, Bullet Hell, Cartoon",https://media.rawg.io/media/games/226/2262cea0b385db6cf399f4be831603b0.jpg
58654,Hitman 2,83,4.04,"Action, Shooter","Singleplayer, Multiplayer, Great Soundtrack, Co-op, Open World, cooperative, Third Person, Gore, Sandbox, Violent, Stealth, Nudity, 3rd-Person Perspective, Assassin",https://media.rawg.io/media/games/858/858c016de0cf7bc21a57dcc698a04a0c.jpg
3678,War Thunder,81,3.19,"Action, Shooter, Massively Multiplayer","Singleplayer, Steam Achievements, Multiplayer, Co-op, Open World, cooperative, Partial Controller Support, FPS, Free to Play, Cross-Platform Multiplayer, War, In-App Purchases, Realistic, Historical, Team-Based, Military, mmo, World War II, Tanks, Flight, TrackIR",https://media.rawg.io/media/games/d07/d0790809a13027251b6d0f4dc7538c58.jpg
2235,Batman: Arkham Origins,74,3.95,Action,"Singleplayer, Steam Achievements, Multiplayer, Full controller support, Steam Cloud, Atmospheric, steam-trading-cards, Story Rich, Open World, Third Person, Steam Leaderboards, Sandbox, Stealth, Action-Adventure, Controller, Third-Person Shooter, Beat 'em up, Detective, 3D Vision, Comic Book, Superhero, Batman",https://media.rawg.io/media/games/fc3/fc30790a3b3c738d7a271b02c1e26dc2.jpg
4502,Darksiders,83,3.76,Action,"Singleplayer, Steam Achievements, Steam Cloud, RPG, Open World, Third Person, Partial Controller Support, Fantasy, Gore, Action-Adventure, Action RPG, Controller, Hack and Slash, Post-apocalyptic, Beat 'em up, Metroidvania, 3D Platformer, Character Action Game, Spectacle fighter",https://media.rawg.io/media/games/8d4/8d46786ca86b1d95f3dc7e700e2dc4dd.jpg
28153,Assassin's Creed Origins,81,3.96,"Action, RPG",,https://media.rawg.io/media/games/336/336c6bd63d83cf8e59937ab8895d1240.jpg
58777,DOOM Eternal,86,4.37,"Action, Shooter","Singleplayer, Multiplayer, Atmospheric, Great Soundtrack, Co-op, First-Person, Sci-fi, Partial Controller Support, Horror, FPS, Gore, Violent, Online multiplayer, Fast-Paced, Blood, Demons, tir",https://media.rawg.io/media/games/3ea/3ea3c9bbd940b6cb7f2139e42d3d443f.jpg
11052,Titan Quest Anniversary Edition,0,3.78,"Action, RPG","Singleplayer, Steam Achievements, Multiplayer, Steam Cloud, Atmospheric, steam-trading-cards, Great Soundtrack, RPG, Co-op, Story Rich, Open World, cooperative, Online Co-Op, Fantasy, Classic, Online multiplayer, Action RPG, Steam Workshop, Includes level editor, Hack and Slash, Isometric, Top-Down, Loot, Level Editor, Mythology",https://media.rawg.io/media/games/33d/33df5a032898b8ab7e3773c7a5f1d336.jpg
356714,Among Us,82,3.83,"Action, Simulation, Casual","Multiplayer, Co-op, cooperative, 2D, Online Co-Op, Online multiplayer, Local Co-Op, Local Multiplayer, Cross-Platform Multiplayer, Space, In-App Purchases, ship, Minigames, party-game, spaceship",https://media.rawg.io/media/games/e74/e74458058b35e01c1ae3feeb39a3f724.jpg
58751,Halo Infinite,84,3.64,"Action, Shooter, Adventure","Singleplayer, Multiplayer, Full controller support, Atmospheric, Great Soundtrack, Co-op, Story Rich, Open World, cooperative, First-Person, Sci-fi, FPS, Online Co-Op, Classic, Sandbox, Free to Play, Action-Adventure, PvP, Space, combat, Futuristic, Aliens, Sexual Content, Online PvP, battle, Lore-Rich, Epic, Beautiful, weapons, hero, balance, Endless, arena, tv, map, hd, Gaming",https://media.rawg.io/media/games/e1f/e1ffbeb1bac25b19749ad285ca29e158.jpg
10340,Crusader Kings II,82,3.61,"Strategy, Simulation","Singleplayer, Multiplayer, steam-trading-cards, Great Soundtrack, RPG, Co-op, cooperative, Sandbox, Moddable, Character Customization, Replay Value, Historical, Medieval, RTS, Real-Time with Pause, Grand Strategy, Education, Political, Diplomacy, Politics",https://media.rawg.io/media/games/c22/c22d804ac753c72f2617b3708a625dec.jpg
1682,The Wolf Among Us,82,4.39,Adventure,"Singleplayer, Full controller support, Atmospheric, Great Soundtrack, Story Rich, Fantasy, Dark, Point & Click, Nudity, controller support, Mystery, Mature, Cinematic, Detective, Cartoony, Episodic, Comic Book, Choose Your Own Adventure, Quick-Time Events, Noir",https://media.rawg.io/media/games/be0/be084b850302abe81675bc4ffc08a0d0.jpg
1010,Transistor,83,4.16,"Action, RPG, Indie","Singleplayer, Steam Achievements, Full controller support, Steam Cloud, Atmospheric, steam-trading-cards, Great Soundtrack, RPG, Story Rich, 2D, Sci-fi, Female Protagonist, Action RPG, Tactical, role-playing, Hack and Slash, Turn-Based, Short, Isometric, Cyberpunk, Music, Hand-drawn, Narration, Narrative",https://media.rawg.io/media/games/d1f/d1f872a48286b6b751670817d5c1e1be.jpg
998,Battlefield 1,88,3.84,"Action, Shooter","Singleplayer, Steam Achievements, Multiplayer, Full controller support, Atmospheric, Great Soundtrack, Open World, First-Person, FPS, Gore, Violent, PvP, War, Mature, Physics, Historical, Military, Online PvP, Story, Steam Trading Cards, battle, Destruction, Tanks, history, Classes, World War I, tank, ww1",https://media.rawg.io/media/games/998/9980c4296f311d8bcc5b451ca51e4fe1.jpg
3876,Deus Ex: Human Revolution - Director's Cut,91,4.3,"Action, RPG","Singleplayer, Steam Achievements, Steam Cloud, Atmospheric, steam-trading-cards, Great Soundtrack, RPG, Story Rich, Open World, First-Person, Sci-fi, Partial Controller Support, FPS, Stealth, Action RPG, Captions available, Replay Value, combat, Futuristic, Cyberpunk, Dystopian, Story, Commentary available, character, Conspiracy, Hacking, weapons, Inventory Management, secrets, Transhumanism",https://media.rawg.io/media/games/a12/a12f806432cb385bc286f0935c49cd14.jpg
3497,Far Cry 4,80,3.82,Shooter,"Singleplayer, Multiplayer, Atmospheric, RPG, Co-op, Story Rich, Open World, cooperative, First-Person, Partial Controller Support, FPS, Online Co-Op, Exploration, Sandbox, Survival, Stealth, Action RPG, Crafting, Hunting",https://media.rawg.io/media/games/b39/b396dac1f3e0f538841aa0355dd066d3.jpg
2792,Layers of Fear,72,3.54,"Adventure, Indie","Singleplayer, Steam Achievements, Full controller support, Steam Cloud, Atmospheric, steam-trading-cards, Great Soundtrack, Story Rich, First-Person, Partial Controller Support, Horror, Exploration, Dark, Point & Click, Survival Horror, Mystery, Short, Mature, Walking Simulator, Multiple Endings, Surreal, Emotional, Interactive Fiction, Supernatural, Lovecraftian, Psychedelic, Narrative, immersive",https://media.rawg.io/media/games/6a2/6a2e48933245e2cd3c92248c75c925e1.jpg
4003,GRID 2,80,3.3,"Racing, Arcade","Singleplayer, Steam Achievements, Multiplayer, Full controller support, Steam Cloud, steam-trading-cards, Co-op, Open World, cooperative, First-Person, Steam Leaderboards, Split Screen, Local Co-Op, Controller, Local Multiplayer, Realistic, Valve Anti-Cheat enabled, Driving, 3D Vision",https://media.rawg.io/media/games/27b/27b02ffaab6b250cc31bf43baca1fc34.jpg
13461,Resident Evil 5,86,3.82,"Action, Shooter","Singleplayer, Multiplayer, cooperative, Online Co-Op, Third-Person Shooter, Zombies, Survival Horror",https://media.rawg.io/media/games/974/974342a3959981a17bdbbff2fd7f97b0.jpg
1256,XCOM 2,88,4.1,"RPG, Strategy","Singleplayer, Steam Achievements, Multiplayer, Steam Cloud, Atmospheric, steam-trading-cards, Great Soundtrack, RPG, Co-op, cooperative, Sci-fi, Horror, Difficult, Tactical, Steam Workshop, Cross-Platform Multiplayer, Moddable, Character Customization, Turn-Based, Futuristic, Aliens, Turn-Based Strategy, Turn-Based Tactics, Perma Death",https://media.rawg.io/media/games/9bf/9bfac18ff678f41a4674250fa0e04a52.jpg
17959,Ori and the Blind Forest: Definitive Edition,88,4.42,"Adventure, Platformer","Singleplayer, Steam Achievements, Full controller support, Steam Cloud, Atmospheric, Great Soundtrack, RPG, Story Rich, Open World, 2D, Fantasy, Difficult, Controller, stats, Family Friendly, Cute, Side Scroller, Metroidvania, 2.5D",https://media.rawg.io/media/games/04a/04a7e7e185fb51493bdcbe1693a8b3dc.jpg
18613,Counter-Strike: Condition Zero,65,3.14,Action,"Singleplayer, Multiplayer, First-Person, FPS, Online Co-Op, Classic, Team-Based, Military, Competitive, Valve Anti-Cheat enabled",https://media.rawg.io/media/games/8bd/8bd24e3c15354a9555bb1437fe555a69.jpg
15002,The Stanley Parable,88,4.37,"Adventure, Indie","Singleplayer, Full controller support, Atmospheric, Story Rich, First-Person, Funny, Exploration, Comedy, Captions available, Choices Matter, Short, Walking Simulator, Multiple Endings, Surreal, Narration, Psychological, Satire, Dynamic Narration",https://media.rawg.io/media/screenshots/8f0/8f0b94922ad5e59968852649697b2643.jpg
4527,Call of Duty: Modern Warfare 2,86,4.27,Shooter,"Singleplayer, Steam Achievements, Multiplayer, Steam Cloud, Atmospheric, Great Soundtrack, Co-op, Story Rich, cooperative, First-Person, FPS, Online Co-Op, Tactical, PvP, Zombies, Moddable, War, Military, Valve Anti-Cheat enabled, Linear",https://media.rawg.io/media/games/9af/9af24c1886e2c7b52a4a2c65aa874638.jpg
12024,Insurgency,74,3.42,"Action, Shooter, Indie","Singleplayer, Steam Achievements, Multiplayer, Full controller support, Atmospheric, steam-trading-cards, Co-op, cooperative, First-Person, FPS, Online Co-Op, Tactical, Steam Workshop, PvP, Cross-Platform Multiplayer, Includes level editor, War, Realistic, Team-Based, Military, Competitive, Valve Anti-Cheat enabled",https://media.rawg.io/media/games/1a1/1a17e9b6286edb7e1f1e510110ccb0c0.jpg
4599,Saints Row 2,78,3.57,"Action, Shooter","Singleplayer, Multiplayer, Steam Cloud, Great Soundtrack, Co-op, Open World, cooperative, Third Person, Online Co-Op, Funny, Sandbox, Female Protagonist, Comedy, Third-Person Shooter, Moddable, Character Customization, Replay Value, Crime, overlay, Co-op Campaign",https://media.rawg.io/media/games/10d/10d19e52e5e8415d16a4d344fe711874.jpg
22571,Black Desert Online,73,2.92,"Action, Adventure, RPG, Strategy, Simulation, Massively Multiplayer","Multiplayer, RPG, Co-op, Open World, Fantasy, Female Protagonist, Online multiplayer, PvP, Anime, In-App Purchases, mmo, MMORPG",https://media.rawg.io/media/games/651/651ae84f2d5e36206aad90976a453329.jpg
28172,Kingdom Come: Deliverance,71,4.05,"Action, Adventure, RPG","Singleplayer, Steam Achievements, Full controller support, Atmospheric, Great Soundtrack, RPG, Story Rich, Open World, First-Person, Choices Matter, Realistic, Historical, Medieval, Kickstarter, Choose Your Own Adventure, CRPG, Swordplay, Crowdfunded, Horses, Einzelspieler, Steam-Errungenschaften, Volle Controllerunterstützung",https://media.rawg.io/media/games/d8f/d8f3b28fc747ed6f92943cdd33fb91b5.jpeg
13305,Assassin’s Creed III,80,3.75,Action,"Singleplayer, Multiplayer, Atmospheric, Story Rich, Open World, Third Person, Partial Controller Support, Sandbox, Stealth, Action-Adventure, Controller, Historical, Parkour, Assassin, America, Alternate History, Conspiracy, Hunting",https://media.rawg.io/media/games/275/2759da6fcaa8f81f21800926168c85f6.jpg
4544,Red Dead Redemption,95,4.41,"Action, Shooter","Singleplayer, Steam Achievements, Multiplayer, Full controller support, Atmospheric, Great Soundtrack, Story Rich, Open World, Third Person, Gore, Classic, Action-Adventure, Third-Person Shooter, Zombies, Nudity, 3D, combat, Sexual Content, Blood, Narration, Family Sharing, Western, shoot, HDR available, waves, nightmare, clone",https://media.rawg.io/media/games/686/686909717c3aa01518bc42ae2bf4259e.jpg
10297,Sid Meier’s Civilization VI,88,4.16,"Strategy, Simulation","Singleplayer, Steam Achievements, Multiplayer, steam-trading-cards, Great Soundtrack, Co-op, Open World, Online Co-Op, Tactical, Steam Workshop, Moddable, War, Turn-Based, Historical, Memes, Turn-Based Strategy, Cartoony, Cartoon, Grand Strategy, 4X",https://media.rawg.io/media/games/997/997ab4d67e96fb20a4092383477d4463.jpg
19590,Ori and the Blind Forest,88,4.37,"Adventure, Platformer","Singleplayer, Steam Achievements, Full controller support, Steam Cloud, Atmospheric, steam-trading-cards, Great Soundtrack, RPG, Story Rich, Open World, 2D, Fantasy, Exploration, Difficult, stats, Family Friendly, Cute, Side Scroller, Metroidvania, 2.5D",https://media.rawg.io/media/games/f8c/f8c6a262ead4c16b47e1219310210eb3.jpg
13268,Amnesia: A Machine for Pigs,72,3.23,"Action, Adventure, Indie","Singleplayer, Full controller support, Steam Cloud, Atmospheric, Great Soundtrack, Story Rich, First-Person, Horror, Gore, Survival, Stealth, Dark, Survival Horror, Captions available, controller support, Short, Walking Simulator, Linear, Steampunk",https://media.rawg.io/media/games/d9f/d9f982e042df6263684ba1fdea3efc1c.jpg
51325,The Last of Us Part II,93,4.41,"Action, Shooter, Adventure","Singleplayer, Atmospheric, Survival, Violent, Stealth, Action-Adventure, exclusive, 3rd-Person Perspective, Blood, America, LGBTQ+, Role Playing Game",https://media.rawg.io/media/games/909/909974d1c7863c2027241e265fe7011f.jpg
10560,Total War: SHOGUN 2,90,3.62,Strategy,"Singleplayer, Steam Achievements, Multiplayer, Steam Cloud, steam-trading-cards, Great Soundtrack, Co-op, cooperative, Tactical, stats, Moddable, Turn-Based, Historical, Medieval, RTS, Turn-Based Strategy, Military, Valve Anti-Cheat enabled, Stylized, Turn-Based Tactics, Grand Strategy, Ninja, Real Time Tactics, Diplomacy",https://media.rawg.io/media/games/be9/be9cf02720c9326e11d0fda14518554f.jpg
3853,Trine 2: Complete Story,84,3.72,"Action, Indie, Puzzle, Platformer","Singleplayer, Steam Achievements, Multiplayer, Full controller support, Steam Cloud, Atmospheric, steam-trading-cards, Great Soundtrack, RPG, Co-op, cooperative, 2D, Online Co-Op, Fantasy, Split Screen, Local Co-Op, Local Multiplayer, Steam Workshop, Cross-Platform Multiplayer, Includes level editor, controller support, Physics, Medieval, 3D Vision",https://media.rawg.io/media/screenshots/c97/c97b943741f5fbc936fe054d9d58851d.jpg
3168,SOMA,84,4.17,"Action, Adventure, Indie","Singleplayer, Steam Achievements, Full controller support, Steam Cloud, Atmospheric, steam-trading-cards, Great Soundtrack, Story Rich, First-Person, Sci-fi, Horror, Gore, Survival, Stealth, Steam Workshop, Moddable, Survival Horror, Walking Simulator, Robots, Underwater",https://media.rawg.io/media/games/149/149bbed9d90dc09328ba79bbacfda3c8.jpg
11435,Viscera Cleanup Detail: Shadow Warrior,0,2.59,"Action, Simulation, Indie","Singleplayer, Steam Achievements, Multiplayer, Full controller support, Steam Cloud, Co-op, cooperative, First-Person, FPS, Funny, Gore, Comedy, Split Screen, 3D Vision, Blood",https://media.rawg.io/media/screenshots/f2f/f2f3c93d6153da7aee590f3ab8ccd803.jpg
10061,Watch Dogs 2,79,3.84,"Action, Adventure","Singleplayer, Multiplayer, Atmospheric, Co-op, Open World, cooperative, Third Person, Partial Controller Support, Gore, Comedy, Stealth, Third-Person Shooter, Cute, Mature, Parkour, Sexual Content, Crime, Illuminati, Hacking, first person mod",https://media.rawg.io/media/games/f52/f52cf6ba08089cd5f1a9c8f7fcc93d1f.jpg
3766,Thief,70,3.26,"Action, Adventure","Singleplayer, Steam Achievements, Full controller support, Steam Cloud, Atmospheric, steam-trading-cards, RPG, Open World, First-Person, Horror, FPS, Fantasy, Steam Leaderboards, Stealth, Dark, Nudity, Medieval, Parkour, 3D Vision, Steampunk, Assassin, Heist",https://media.rawg.io/media/games/59a/59a3ebcba3d08c51532c6ca877aff256.jpg
1090,This War of Mine,83,4.07,"Adventure, Simulation, Indie","Singleplayer, Steam Achievements, Full controller support, Steam Cloud, Atmospheric, steam-trading-cards, Open World, 2D, Difficult, Survival, Stealth, Steam Workshop, Point & Click, War, Post-apocalyptic, Choices Matter, Crafting, Side Scroller, Roguelike, 2.5D",https://media.rawg.io/media/games/283/283e7e600366b0da7021883d27159b27.jpg
4013,Call of Juarez: Gunslinger,79,3.81,"Action, Shooter","Singleplayer, Steam Achievements, Full controller support, Steam Cloud, Atmospheric, steam-trading-cards, Great Soundtrack, Story Rich, First-Person, FPS, Funny, Gore, Steam Leaderboards, Comedy, Historical, Linear, Narration, Alternate History, Western, Bullet Time, Dynamic Narration",https://media.rawg.io/media/games/a86/a86ce0afaf2d5ec2b0f048989f01795e.jpg
3990,The Last Of Us,95,4.54,"Action, Adventure",exclusive,https://media.rawg.io/media/games/a5a/a5a7fb8d9cb8063a8b42ee002b410db6.jpg
432,Grand Theft Auto III,93,4.15,"Action, Shooter","Singleplayer, Multiplayer, Atmospheric, Great Soundtrack, Story Rich, Open World, Third Person, Partial Controller Support, Classic, Sandbox, Violent, Third-Person Shooter, Moddable, Mature, Crime, Driving, Silent Protagonist, first person mod, Satire",https://media.rawg.io/media/games/5fa/5fae5fec3c943179e09da67a4427d68f.jpg
11726,Dead Cells,88,4.23,"Action, RPG, Indie, Platformer","Singleplayer, Steam Achievements, Full controller support, Steam Cloud, Atmospheric, Great Soundtrack, RPG, 2D, Difficult, Pixel Graphics, Early Access, Hack and Slash, Replay Value, Side Scroller, Roguelike, Metroidvania, Roguelite, Procedural Generation, Perma Death",https://media.rawg.io/media/games/f90/f90ee1a4239247a822771c40488e68c5.jpg
28202,Wolfenstein II: The New Colossus,86,4.09,"Action, Shooter","Singleplayer, Atmospheric, Great Soundtrack, Story Rich, Open World, First-Person, Sci-fi, Horror, FPS, Gore, Comedy, Violent, Stealth, Nudity, Dystopian, World War II, Illuminati, Heist, Alternate History, Einzelspieler, Steam-Errungenschaften, Volle Controllerunterstützung",https://media.rawg.io/media/games/a0e/a0ef08621301a1eab5e04fa5c96978fa.jpeg
1358,"Papers, Please",85,4.37,"Simulation, Educational, Indie, Puzzle","Singleplayer, Steam Achievements, Steam Cloud, Atmospheric, steam-trading-cards, Great Soundtrack, Story Rich, 2D, Difficult, Steam Leaderboards, Pixel Graphics, stats, Retro, Point & Click, War, Replay Value, Multiple Endings, Dystopian, Surreal, Political, work, historical-fiction",https://media.rawg.io/media/games/6d3/6d33014a4ed48a19c30a77ead5a0f62e.jpg
906,Call of Duty: Black Ops III,73,3.27,"Action, Shooter","Singleplayer, Steam Achievements, Multiplayer, Full controller support, Atmospheric, Great Soundtrack, Co-op, Story Rich, Open World, cooperative, First-Person, Sci-fi, FPS, Gore, Steam Leaderboards, Steam Workshop, Zombies, Futuristic, Parkour, Valve Anti-Cheat enabled, Robots, battle, Illuminati, Quick-Time Events",https://media.rawg.io/media/games/fd6/fd6a1eecd3ec0f875f1924f3656b7dd9.jpg
17352,Killing Floor,72,3.45,Action,"Singleplayer, Steam Achievements, Multiplayer, steam-trading-cards, Great Soundtrack, Co-op, cooperative, First-Person, Horror, FPS, Online Co-Op, Gore, Difficult, Survival, Comedy, stats, Steam Workshop, Cross-Platform Multiplayer, Zombies, Includes level editor, Moddable, exclusive, Survival Horror, Team-Based, Valve Anti-Cheat enabled, true exclusive, Class-Based",https://media.rawg.io/media/games/806/8060a7663364ac23e15480728938d6f3.jpg
952,Shadowrun Returns,76,3.5,"RPG, Strategy, Indie","Singleplayer, Atmospheric, RPG, Story Rich, Sci-fi, Fantasy, Female Protagonist, Tactical, Includes level editor, Moddable, Turn-Based, Isometric, Turn-Based Strategy, Cyberpunk, Dystopian, Kickstarter, CRPG, Crowdfunded",https://media.rawg.io/media/games/d4b/d4bcd78873edd9992d93aff9cc8db0c8.jpg
10073,Divinity: Original Sin 2,95,4.38,"RPG, Strategy","Singleplayer, Multiplayer, Full controller support, Steam Cloud, Atmospheric, Great Soundtrack, RPG, Co-op, Story Rich, Open World, cooperative, Online Co-Op, Fantasy, Female Protagonist, Online multiplayer, Split Screen, Local Co-Op, Local Multiplayer, Early Access, role-playing, Character Customization, Turn-Based, Isometric, achievements, Turn-Based Combat, Turn-Based Tactics, CRPG, in development",https://media.rawg.io/media/games/424/424facd40f4eb1f2794fe4b4bb28a277.jpg
10548,Darksiders Warmastered Edition,79,3.68,"Action, RPG","Singleplayer, Steam Achievements, Full controller support, Steam Cloud, steam-trading-cards, RPG, Open World, Third Person, Fantasy, Gore, Difficult, Violent, Hack and Slash, Post-apocalyptic, Dark Fantasy, Metroidvania, Remake, Demons",https://media.rawg.io/media/games/1f1/1f1888e1308959dfd3be4c144a81d19c.jpg
18272,Magicka,74,3.79,"Action, RPG","Singleplayer, Steam Achievements, Multiplayer, Full controller support, steam-trading-cards, RPG, Co-op, cooperative, Online Co-Op, Fantasy, Funny, Difficult, Steam Leaderboards, Comedy, Split Screen, Local Co-Op, Action RPG, Local Multiplayer, Team-Based, Magic, 4 Player Local",https://media.rawg.io/media/games/c7a/c7a71a0531a9518236d99d0d60abe447.jpg
3474,Lara Croft and the Temple of Osiris,73,3.09,"Action, Adventure, Puzzle","Singleplayer, Steam Achievements, Multiplayer, Full controller support, RPG, Co-op, cooperative, Third Person, Online Co-Op, Steam Leaderboards, Female Protagonist, Split Screen, Local Co-Op, Hack and Slash, Isometric, Top-Down, 4 Player Local, Twin Stick Shooter, 4 giocatori divano, Lara Croft",https://media.rawg.io/media/games/1fb/1fb1c5f7a71d771f440b27ce7f71e7eb.jpg
43877,Quake Champions,0,3.26,"Action, Shooter","Steam Achievements, Multiplayer, First-Person, Horror, FPS, Gore, Difficult, Violent, Free to Play, Online multiplayer, Early Access, exclusive, Fast-Paced, true exclusive, Arena Shooter, e-sports",https://media.rawg.io/media/games/fba/fbae1bcfae1feffda6a11fbc1c939420.jpg
59359,A Plague Tale: Innocence,82,4.14,"Action, Adventure","Singleplayer, Full controller support, Third Person, Horror, Female Protagonist, Violent, Stealth, Action-Adventure, Linear, plague",https://media.rawg.io/media/games/b4a/b4adf80c36e267b35acc3497ed2af19c.jpg
10419,Subnautica,83,4.24,"Adventure, Indie","Singleplayer, Multiplayer, Full controller support, Atmospheric, Open World, First-Person, Sci-fi, Horror, FPS, Exploration, Sandbox, Survival, Early Access, Crafting, Aliens, VR, online, Base Building, console, offline, Underwater, explore, Voxel, collect, alien, water, sea, food, sun, crash, health",https://media.rawg.io/media/games/739/73990e3ec9f43a9e8ecafe207fa4f368.jpg
28492,Dead Island,74,3.48,"Action, Shooter, RPG","Zombies, character, friends, island, police, room",https://media.rawg.io/media/games/56e/56ed40948bebaf1968234aa6e3c74771.jpg
3757,South Park: The Stick of Truth,84,4.22,"Adventure, RPG","Singleplayer, Steam Achievements, Full controller support, RPG, Story Rich, Open World, 2D, Fantasy, Funny, Comedy, Zombies, role-playing, Nudity, Turn-Based, Short, Mature, Turn-Based Strategy, JRPG, Dark Humor, Cartoon, Satire",https://media.rawg.io/media/games/8ca/8ca40b562a755d6a0e30d48e6c74b178.jpg
559,Fallout Shelter,63,3.43,"RPG, Simulation","Singleplayer, Steam Achievements, Multiplayer, Full controller support, Steam Cloud, Atmospheric, Great Soundtrack, RPG, 2D, Horror, Funny, Sandbox, Survival, Free to Play, stats, role-playing, In-App Purchases, Post-apocalyptic, Crafting, Building, Management, Base Building",https://media.rawg.io/media/games/a91/a911f0a91991469e398fa70091507a5b.jpg
56184,Resident Evil 4 (2005),83,4.4,"Action, Shooter","Singleplayer, Steam Achievements, Full controller support, Steam Cloud, Atmospheric, steam-trading-cards, Great Soundtrack, Third Person, Sci-fi, Horror, Gore, Difficult, Steam Leaderboards, Classic, Survival, Third-Person Shooter, Zombies, Survival Horror, Captions available, Replay Value, Remake, Quick-Time Events, Inventory Management, first person shooter, tank controls, survival-horror-game",https://media.rawg.io/media/games/fee/fee0100afd87b52bfbd33e26689fa26c.jpg
8146,Assassin's Creed Unity,71,3.63,Action,"Singleplayer, Multiplayer, Atmospheric, Great Soundtrack, RPG, Co-op, Story Rich, Open World, cooperative, Third Person, Partial Controller Support, Online Co-Op, Sandbox, Stealth, Action RPG, Tactical, Historical, Parkour, Assassin",https://media.rawg.io/media/games/59f/59fc1c5de1d29cb9234741c97d250150.jpg
1244,Darkest Dungeon,84,4.17,"RPG, Strategy, Indie","Singleplayer, Steam Achievements, Steam Cloud, Atmospheric, steam-trading-cards, RPG, 2D, Partial Controller Support, Horror, Fantasy, Difficult, Dark, role-playing, Turn-Based, controller support, Dark Fantasy, Roguelike, overlay, Roguelite, Dungeon Crawler, Kickstarter, Turn-Based Combat, Perma Death, Gothic, Lovecraftian, cloud saves",https://media.rawg.io/media/games/fd9/fd92f105dcd6491bc5d61135033d1f19.jpg
3740,FEZ,91,4.0,"Action, Adventure, Indie, Puzzle, Platformer","Singleplayer, Steam Achievements, Full controller support, Steam Cloud, Atmospheric, Great Soundtrack, 2D, Exploration, Steam Leaderboards, Pixel Graphics, Controller, Retro, Cute, controller support, Mystery, 3D, Metroidvania, overlay, Relaxing, Puzzle-Platformer, 2.5D",https://media.rawg.io/media/games/4cb/4cb855e8ef1578415a928e53c9f51867.png
19542,Half-Life: Blue Shift,71,3.73,"Action, Shooter","Singleplayer, Atmospheric, Story Rich, First-Person, Sci-fi, FPS, Classic, Zombies, Short, Aliens, 1990's, Silent Protagonist",https://media.rawg.io/media/games/4cb/4cb463b5588adc672124fb041f09e91c.jpg
15859,Star Wars: Knights of the Old Republic,88,4.35,"Action, RPG","Steam Cloud, Atmospheric, Great Soundtrack, RPG, Story Rich, Third Person, Sci-fi, Fantasy, Exploration, Classic, Female Protagonist, Space, role-playing, Moddable, Turn-Based, Choices Matter, Real-Time with Pause, Party-Based RPG, Star Wars, Single player only",https://media.rawg.io/media/games/6e0/6e0c19bb111bd4fa20cf0eb72a049519.jpg
21265,Half-Life: Opposing Force,0,3.87,"Action, Shooter","Singleplayer, Multiplayer, Atmospheric, Great Soundtrack, Co-op, Story Rich, cooperative, First-Person, Sci-fi, FPS, Classic, Aliens, Military, Valve Anti-Cheat enabled, 1990's, Silent Protagonist",https://media.rawg.io/media/games/110/1106ebafac87cc573161f1f4f16e84cf.jpeg
4954,Castle Crashers,84,3.89,"Action, Indie","Singleplayer, Steam Achievements, Multiplayer, Full controller support, Steam Cloud, steam-trading-cards, Great Soundtrack, RPG, Co-op, cooperative, 2D, Online Co-Op, Fantasy, Funny, Steam Leaderboards, Comedy, Online multiplayer, Split Screen, Local Co-Op, Action RPG, Controller, Local Multiplayer, Cross-Platform Multiplayer, Hack and Slash, Side Scroller, Beat 'em up",https://media.rawg.io/media/games/d1a/d1a1202a378607b6c635c8f18ace95dd.jpg
14348,Dying Light: The Following - Enhanced Edition,87,4.13,"Action, RPG","Singleplayer, Steam Achievements, Multiplayer, Full controller support, Steam Cloud, Atmospheric, steam-trading-cards, RPG, Co-op, Open World, cooperative, First-Person, Horror, FPS, Gore, Sandbox, Survival, Stealth, Steam Workshop, Zombies, Includes level editor, Survival Horror, Crafting, Parkour, Valve Anti-Cheat enabled",https://media.rawg.io/media/games/c11/c11a0b92b4c28f2e0db489f430142653.jpg
2572,DiRT Rally,86,3.69,"Simulation, Sports, Racing","Singleplayer, Steam Achievements, Multiplayer, Full controller support, Steam Cloud, Atmospheric, steam-trading-cards, Co-op, Open World, cooperative, First-Person, Difficult, Steam Leaderboards, Free to Play, Steam Workshop, Family Friendly, Realistic, Fast-Paced, VR, Valve Anti-Cheat enabled, Driving, 3D Vision, TrackIR, Offroad",https://media.rawg.io/media/games/78d/78dfae12fb8c5b16cd78648553071e0a.jpg
865,Call of Duty: Black Ops,81,4.06,"Action, Shooter","Singleplayer, Steam Achievements, Multiplayer, Co-op, Story Rich, cooperative, First-Person, Partial Controller Support, Horror, FPS, Online Co-Op, Gore, Controller, Zombies, War, Military, Valve Anti-Cheat enabled, Linear, Cold War, first person shooter",https://media.rawg.io/media/games/410/41033a495ce8f7fd4b0934bdb975f12a.jpg
4639,Dragon Age: Origins,91,4.39,RPG,"Singleplayer, Atmospheric, RPG, Story Rich, Open World, Third Person, Fantasy, Female Protagonist, Tactical, Character Customization, Choices Matter, Dark Fantasy, Multiple Endings, Loot, Real-Time with Pause, Romance, Dragons, Party-Based RPG",https://media.rawg.io/media/games/dc0/dc0926d3f84ffbcc00968fe8a6f0aed3.jpg
9475,Don't Starve,79,3.85,Indie,"Singleplayer, Multiplayer, Full controller support, Steam Cloud, steam-trading-cards, Open World, 2D, Horror, Exploration, Difficult, Sandbox, Survival, Steam Workshop, Moddable, Survival Horror, controller support, Replay Value, Crafting, Roguelike, Top-Down, Perma Death",https://media.rawg.io/media/games/f3e/f3eec35c6218dcfd93a537751e6bfa61.jpg
857,Halo: The Master Chief Collection,85,4.25,"Action, Adventure","Singleplayer, Multiplayer, Atmospheric, Great Soundtrack, Co-op, Story Rich, cooperative, First-Person, Sci-fi, Horror, FPS, Online Co-Op, Classic, Online multiplayer, Space, Aliens, Lore-Rich, Epic, Masterpiece, Beautiful",https://media.rawg.io/media/games/c24/c24f4434882ae9c2c8d9d38de82cb7a5.jpg
19384,The Binding of Isaac,84,3.91,"Action, RPG, Indie","Singleplayer, Steam Achievements, Atmospheric, steam-trading-cards, Great Soundtrack, RPG, 2D, Difficult, Survival, Dark, Replay Value, Roguelike, Top-Down, Roguelite, Dungeon Crawler, Procedural Generation, Bullet Hell, Perma Death, Arena Shooter",https://media.rawg.io/media/games/cef/cefedf18016cbab466861eb698daf988.jpg
3015,Chivalry: Medieval Warfare,79,3.41,"Action, Indie","Steam Achievements, Multiplayer, Full controller support, Atmospheric, steam-trading-cards, Co-op, cooperative, First-Person, Third Person, FPS, Gore, Difficult, Violent, Steam Workshop, PvP, Includes level editor, Hack and Slash, Historical, Team-Based, Medieval, Competitive, Valve Anti-Cheat enabled, Class-Based, Swordplay",https://media.rawg.io/media/games/7f0/7f021d4a3577ac9d591a628a431fc2e5.jpg
18241,DmC: Devil May Cry,85,4.02,"Action, Adventure","Singleplayer, Steam Achievements, Full controller support, Steam Cloud, Atmospheric, steam-trading-cards, Great Soundtrack, Story Rich, Third Person, Fantasy, Gore, Steam Leaderboards, Comedy, Controller, Anime, Hack and Slash, Fast-Paced, Beat 'em up, Stylized, Demons, Epic, Character Action Game, Spectacle fighter, sword",https://media.rawg.io/media/games/295/295eb868c241e6ad32ac033b8e6a2ede.jpg
3486,Syberia,82,3.94,"Adventure, Puzzle","Singleplayer, Atmospheric, steam-trading-cards, Great Soundtrack, Story Rich, Third Person, Classic, Female Protagonist, Space, Point & Click, Mystery, Steampunk, puzzles, city, secrets, island, interactive, hell, factory, evolution, moon",https://media.rawg.io/media/games/852/8522935d8ab27b610a254b52de0da212.jpg
6617,Quantum Break,66,3.91,"Action, Shooter","Singleplayer, Steam Achievements, Full controller support, Steam Cloud, Atmospheric, Great Soundtrack, Story Rich, Third Person, Sci-fi, Female Protagonist, Survival, Controller, Third-Person Shooter, Choices Matter, Cinematic, Walking Simulator, Episodic, Time Travel, Bullet Time, Time Manipulation",https://media.rawg.io/media/games/a28/a289e23b4d4d84f26ab59125e3be4483.jpg
4550,Dead Space 2,87,4.38,"Action, Shooter","Singleplayer, Multiplayer, Atmospheric, Co-op, Story Rich, cooperative, Third Person, Sci-fi, Partial Controller Support, Horror, Gore, Survival, Third-Person Shooter, Space, Survival Horror, Futuristic, Aliens, 3D Vision, Blood",https://media.rawg.io/media/games/ae1/ae1518c3dc1e847344661905fd2a8d16.jpg
28623,Batman: Arkham City,94,4.41,Action,"Horror, Story, city, Soundtrack, Flight, prison, Skeletons",https://media.rawg.io/media/games/b5a/b5a1226bfd971284a735a4a0969086b3.jpg
16112,Sleeping Dogs: Definitive Edition,76,4.15,"Action, Adventure","Singleplayer, Multiplayer, Full controller support, Atmospheric, Great Soundtrack, Co-op, Story Rich, Open World, cooperative, Third Person, Gore, Sandbox, Third-Person Shooter, Mature, Parkour, Crime, Remake, Martial Arts",https://media.rawg.io/media/games/bd7/bd7cfccfececba1ec2b97a120a40373f.jpg
5562,Fallout 3,91,4.08,"Shooter, RPG","Singleplayer, Atmospheric, RPG, Story Rich, Open World, First-Person, Third Person, Sci-fi, Partial Controller Support, Horror, FPS, Exploration, Sandbox, Female Protagonist, Action RPG, Moddable, Character Customization, Post-apocalyptic",https://media.rawg.io/media/games/5a4/5a4e70bb8a862829dbaa398aa5f66afc.jpg
58755,Devil May Cry 5,88,4.25,Action,"Singleplayer, Steam Achievements, Full controller support, Atmospheric, Great Soundtrack, Online Co-Op, Violent, Online multiplayer, Action-Adventure, Anime, Nudity, Hack and Slash, 3rd-Person Perspective, Demons, Character Action Game, slasher",https://media.rawg.io/media/games/9fb/9fbf956a16249def7625ab5dc3d09515.jpg
3932,The Bureau: XCOM Declassified,66,3.05,"Action, Shooter","Singleplayer, Steam Achievements, Full controller support, Steam Cloud, Atmospheric, steam-trading-cards, RPG, Story Rich, Open World, cooperative, Third Person, Sci-fi, FPS, Tactical, Third-Person Shooter, Aliens, Cold War",https://media.rawg.io/media/games/5cc/5cc765484c6df567ed9207c1781b88cb.jpg
3771,Rayman Legends,89,4.16,Platformer,"Singleplayer, Atmospheric, Great Soundtrack, Co-op, cooperative, 2D, Funny, Difficult, Comedy, Split Screen, Local Co-Op, Controller, Local Multiplayer, Family Friendly, Side Scroller, Fast-Paced, 3D Vision, Music, 4 Player Local, 4 giocatori divano",https://media.rawg.io/media/games/85c/85c8ae70e7cdf0105f06ef6bdce63b8b.jpg
3028,Beyond: Two Souls,73,3.81,"Action, Adventure","Singleplayer, Steam Achievements, Multiplayer, Full controller support, Steam Cloud, Atmospheric, Great Soundtrack, Co-op, Story Rich, cooperative, Third Person, Sci-fi, Horror, Female Protagonist, Violent, Split Screen, Choices Matter, Cinematic, Drama, Narration, Emotional, Quick-Time Events, Beautiful, Remote Play Together, Thriller, Shared/Split Screen Co-op, Dynamic Narration, Remote Play on Tablet, Remote Play on Phone",https://media.rawg.io/media/games/07a/07a74470a2618fd71945db0619602baf.jpg
492,Yakuza 0,85,4.36,"Action, RPG","Singleplayer, Steam Achievements, Multiplayer, Full controller support, Steam Cloud, Atmospheric, steam-trading-cards, Great Soundtrack, RPG, Story Rich, Open World, Third Person, Funny, Steam Leaderboards, Comedy, Violent, Online multiplayer, Local Multiplayer, Anime, Mature, Sexual Content, Beat 'em up, Crime, Drama, Dating Sim, Minigames",https://media.rawg.io/media/games/ca1/ca16da30f86d8f4d36261de45fb35430.jpg
29338,Days Gone,74,3.98,Action,"Singleplayer, Steam Achievements, Multiplayer, Full controller support, Steam Cloud, Atmospheric, RPG, Story Rich, Open World, Third Person, Horror, Gore, Exploration, Survival, Violent, Stealth, Action-Adventure, Third-Person Shooter, Zombies, role-playing, exclusive, Survival Horror, Post-apocalyptic, Crafting, Cinematic, 3rd-Person Perspective, Blood, America, Постапокалипсис, motorbike, Open World Survival Craft",https://media.rawg.io/media/games/a79/a79d2fc90c4dbf07a8580b19600fd61d.jpg
17875,Guacamelee! Super Turbo Championship Edition,86,3.55,"Action, Indie, Platformer","Singleplayer, Steam Achievements, Full controller support, Steam Cloud, steam-trading-cards, Great Soundtrack, Co-op, cooperative, 2D, Funny, Steam Leaderboards, Comedy, Split Screen, Local Co-Op, Local Multiplayer, Steam Workshop, Colorful, Side Scroller, Memes, Beat 'em up, Metroidvania, 4 Player Local",https://media.rawg.io/media/games/fc8/fc838d98c9b944e6a15176eabf40bee8.jpg
1169,Mafia III,62,3.14,"Action, Adventure","Singleplayer, Steam Achievements, Multiplayer, Full controller support, Steam Cloud, Atmospheric, steam-trading-cards, Great Soundtrack, Story Rich, Open World, Third Person, FPS, Gore, Classic, Sandbox, Violent, Stealth, Third-Person Shooter, Nudity, Mature, Crime",https://media.rawg.io/media/games/a34/a348e613424260bc7e034fb6031c762e.jpg
7819,SUPERHOT,82,4.2,"Action, Shooter, Indie","Singleplayer, Steam Achievements, Multiplayer, Full controller support, steam-trading-cards, First-Person, Horror, FPS, Funny, Difficult, Tactical, Short, Cyberpunk, overlay, Kickstarter, Bullet Hell, Illuminati, Minimalist, cloud saves, Bullet Time, Time Manipulation, bullet-time, time-manipulation",https://media.rawg.io/media/screenshots/ad4/ad445a12ee46543d4d117f3893041ebf.jpg
3842,Battlefield 4,81,3.95,Shooter,"Singleplayer, Steam Achievements, Multiplayer, Full controller support, First-Person, FPS, Violent, PvP, Space, War, Military, Online PvP, Steam Trading Cards, city, Tanks, Modern, Classes, water, guns, rain, waves",https://media.rawg.io/media/games/ac7/ac7b8327343da12c971cfc418f390a11.jpg
42187,The Sims 4,67,3.67,"Strategy, Simulation, Casual","Singleplayer, Multiplayer, Atmospheric, Fantasy, Funny, Character Customization, Family Friendly, Cute, 3D, Realistic, Building, Sexual Content, Steam Trading Cards, Relaxing, Cartoony, Romance, Immersive Sim, Beautiful, LGBTQ+, Remote Play on Tablet, build, Life Sim, reality-based, life, family-simulator",https://media.rawg.io/media/games/e44/e445335e611b4ccf03af71fffcbd30a4.jpg
42,What Remains of Edith Finch,89,4.38,"Adventure, Indie","Singleplayer, Steam Achievements, Full controller support, Steam Cloud, Atmospheric, steam-trading-cards, Great Soundtrack, Story Rich, First-Person, Horror, FPS, Exploration, Female Protagonist, Mystery, Short, Walking Simulator, Visual Novel",https://media.rawg.io/media/games/34e/34e100b1f648de99f32d477065f04653.jpg
17126,Torchlight II,88,3.84,"Action, RPG","Singleplayer, Steam Achievements, Multiplayer, Steam Cloud, Atmospheric, steam-trading-cards, RPG, Co-op, cooperative, Online Co-Op, Fantasy, Action RPG, Steam Workshop, Cross-Platform Multiplayer, role-playing, Moddable, Hack and Slash, Character Customization, Replay Value, Isometric, overlay, Steampunk, Dungeon Crawler, Loot, Cartoon",https://media.rawg.io/media/games/c06/c06d88c35785c8003147cb53c84af033.jpg
817974,Wallpaper Engine,0,4.05,Casual,"steam, Utilities, Software, android, Photo Editing, pc, tool, animated, desktop, program, aesthetic, customizable, wallpaper, background",https://media.rawg.io/media/screenshots/5a7/5a72aed79451d8fbd6a7b82f784002bd.jpg
1959,Goat Simulator,62,3.18,"Action, Simulation, Casual, Indie","Singleplayer, Steam Achievements, Full controller support, Steam Cloud, steam-trading-cards, Co-op, Open World, Third Person, Funny, Exploration, Steam Leaderboards, Sandbox, Comedy, Split Screen, Local Co-Op, Local Multiplayer, Steam Workshop, Includes level editor, Moddable, Family Friendly, Physics, Memes, MMORPG, Destruction",https://media.rawg.io/media/games/a44/a444a7628bdb49b24d06a7672f805814.jpg
5703,Uncharted 3: Drake's Deception,92,4.37,Action,"Atmospheric, Third Person, cover-shooter",https://media.rawg.io/media/games/589/589fc47c5ae34160d65c4682e21fed66.jpg
21924,Call of Duty: WWII,77,3.55,"Action, Shooter","Singleplayer, Steam Achievements, Multiplayer, Full controller support, Steam Cloud, steam-trading-cards, Co-op, Story Rich, cooperative, First-Person, Horror, FPS, Online Co-Op, Gore, Female Protagonist, Violent, Online multiplayer, Local Co-Op, Local Multiplayer, Zombies, War, In-App Purchases, Family Friendly, Historical, Sexual Content, Valve Anti-Cheat enabled, World War II, Illuminati, Heist",https://media.rawg.io/media/games/1e5/1e5e33b88be978f451196a751424a72e.jpg
28199,Ori and the Will of the Wisps,91,4.41,"Action, Adventure, Platformer","Singleplayer, Steam Achievements, Full controller support, Steam Cloud, Atmospheric, Great Soundtrack, Story Rich, Open World, Fantasy, Exploration, Difficult, Action-Adventure, Cute, Metroidvania, Puzzle-Platformer, Emotional, Masterpiece, Souls-like, Beautiful",https://media.rawg.io/media/games/718/71891d2484a592d871e91dc826707e1c.jpg
3408,Hotline Miami 2: Wrong Number,72,4.28,"Action, Shooter, Arcade, Indie","Singleplayer, Steam Achievements, Full controller support, Atmospheric, Great Soundtrack, 2D, Gore, Difficult, Steam Leaderboards, Violent, Pixel Graphics, Retro, Steam Workshop, Includes level editor, controller support, Fast-Paced, Top-Down, overlay, Blood, 1990's, 1980s, Top-Down Shooter, Level Editor",https://media.rawg.io/media/games/003/0031c0067559d41df19cf98ad87e02aa.jpg
2623,Resident Evil 6,67,3.43,"Action, Shooter","Singleplayer, Steam Achievements, Multiplayer, Steam Cloud, Atmospheric, steam-trading-cards, Co-op, cooperative, Third Person, Partial Controller Support, Horror, Online Co-Op, Steam Leaderboards, Female Protagonist, Survival, Split Screen, Local Co-Op, Third-Person Shooter, Zombies, Survival Horror, Valve Anti-Cheat enabled, Quick-Time Events, Co-op Campaign",https://media.rawg.io/media/games/f6f/f6f39c5b56413f7f4513b25989a1b747.jpg
19365,Homefront,70,2.96,Shooter,"Singleplayer, Steam Achievements, Multiplayer, Steam Cloud, Atmospheric, cooperative, First-Person, Partial Controller Support, FPS, Short, Valve Anti-Cheat enabled",https://media.rawg.io/media/games/657/657574cd437df9102f511b3be095b0ea.jpg
3892,Sniper Elite V2,66,3.4,"Action, Shooter","Singleplayer, Steam Achievements, Multiplayer, Steam Cloud, steam-trading-cards, Co-op, cooperative, Third Person, Partial Controller Support, FPS, Online Co-Op, Gore, Steam Leaderboards, Stealth, Tactical, Third-Person Shooter, War, Historical, World War II, Bullet Time, Sniper, european",https://media.rawg.io/media/games/03d/03d17d237f9541b67a13f9425ced4ca4.jpg
5159,Resident Evil 2 (1998),90,4.33,Action,"Singleplayer, Atmospheric, Great Soundtrack, Third Person, Horror, Female Protagonist, Zombies, exclusive, Survival Horror, fixed camera",https://media.rawg.io/media/games/d64/d646810b629081cc12aec49ed9f49441.jpg
1774,Grim Fandango Remastered,84,4.0,"Adventure, Puzzle","Singleplayer, Full controller support, Atmospheric, steam-trading-cards, Great Soundtrack, Story Rich, Open World, Third Person, Funny, Classic, Comedy, Retro, Point & Click, 3D, Remake, 1990's, Dark Humor, Commentary available, Cult Classic, Noir",https://media.rawg.io/media/games/df2/df20fd77db56ae7b0a26a7ff4baa9ccc.jpg
22511,The Legend of Zelda: Breath of the Wild,97,4.47,"Action, Adventure, RPG","RPG, Open World, Sandbox, Action-Adventure, exclusive",https://media.rawg.io/media/games/cc1/cc196a5ad763955d6532cdba236f730c.jpg
28559,Dragon Age: Inquisition,86,3.79,"Action, RPG, Strategy","Singleplayer, Steam Achievements, Multiplayer, Full controller support, Atmospheric, Great Soundtrack, RPG, Co-op, Story Rich, Open World, Third Person, Online Co-Op, Fantasy, Female Protagonist, Action RPG, Nudity, War, Character Customization, Choices Matter, combat, Sexual Content, Steam Trading Cards, battle, character, Dragons, CRPG, explore, race, Classes",https://media.rawg.io/media/games/260/26023c855f1769a93411d6a7ea084632.jpeg
274762,The Outer Worlds,80,3.85,"Action, Shooter, Adventure, RPG","Singleplayer, Full controller support, RPG, Story Rich, Open World, First-Person, Sci-fi, FPS, Action RPG, Space, role-playing, Choices Matter",https://media.rawg.io/media/games/704/704f831d2d132e9614931f1c4eab9e86.jpg
2873,The Witness,87,4.01,"Adventure, Indie, Puzzle","Singleplayer, Steam Achievements, Steam Cloud, Atmospheric, Great Soundtrack, Story Rich, Open World, First-Person, Partial Controller Support, Exploration, Difficult, Sandbox, Survival, Captions available, Mystery, Colorful, Building, Walking Simulator, overlay, Relaxing, Surreal, cloud saves, Nonlinear, Philisophical",https://media.rawg.io/media/games/00b/00b164224ebaf381104d0b215a37afb3.jpg
9609,Euro Truck Simulator 2,79,4.13,"Simulation, Indie","Singleplayer, Steam Achievements, Atmospheric, steam-trading-cards, RPG, Open World, First-Person, Partial Controller Support, Exploration, Sandbox, Steam Workshop, Includes level editor, Moddable, exclusive, Realistic, true exclusive, Management, Relaxing, Driving, Economy, TrackIR",https://media.rawg.io/media/games/1f5/1f5ddf7199f2778ff83663b93b5cb330.jpg
11276,Call of Duty: Modern Warfare 3,85,3.79,"Action, Shooter","Singleplayer, Steam Achievements, Multiplayer, Steam Cloud, Co-op, cooperative, First-Person, FPS, Online Co-Op, Survival, Controller, Zombies, War, Military, Valve Anti-Cheat enabled, Linear",https://media.rawg.io/media/games/e9c/e9c042d14515eb3ff7cb4db9fe78e435.jpg
2733,Broforce,83,4.02,"Action, Indie, Platformer","Singleplayer, Multiplayer, Full controller support, Co-op, cooperative, 2D, Funny, Gore, Comedy, Split Screen, Local Co-Op, Pixel Graphics, Local Multiplayer, Retro, Includes level editor, controller support, Side Scroller, America",https://media.rawg.io/media/games/9cc/9cc11e2e81403186c7fa9c00c143d6e4.jpg
9600,The Forest,0,3.74,"Action, Adventure, Indie","Singleplayer, Multiplayer, Steam Cloud, Atmospheric, Co-op, Open World, First-Person, Horror, FPS, Gore, Exploration, Sandbox, Survival, Early Access, Zombies, Survival Horror, Realistic, Crafting, Building",https://media.rawg.io/media/games/1be/1be575aa6de86de328433a63fb534d9a.jpg
624,FTL: Faster Than Light,84,4.25,"Strategy, Simulation, Indie","Singleplayer, Atmospheric, steam-trading-cards, Great Soundtrack, RPG, 2D, Sci-fi, Difficult, Survival, Pixel Graphics, Space, Replay Value, Roguelike, Roguelite, Real-Time with Pause, Perma Death",https://media.rawg.io/media/games/5f4/5f4780690dbf04900cbac5f05b9305f3.jpg
11686,POSTAL 2,59,3.91,"Action, Shooter, Adventure, Indie","Singleplayer, Steam Achievements, Multiplayer, Full controller support, Steam Cloud, steam-trading-cards, Open World, First-Person, FPS, Funny, Gore, Classic, Sandbox, Comedy, Violent, Steam Workshop, Includes level editor, Moddable, exclusive, Family Friendly, Mature, true exclusive, Dark Humor, Satire",https://media.rawg.io/media/games/2a2/2a2f9a0035544500e59a171c7038ec3a.jpg
58753,Forza Horizon 4,90,4.37,"Racing, Arcade","Singleplayer, Steam Achievements, Multiplayer, Full controller support, Steam Cloud, Atmospheric, Great Soundtrack, Co-op, Open World, First-Person, Online Co-Op, Exploration, Sandbox, PvP, Cross-Platform Multiplayer, exclusive, Family Friendly, Realistic, Cinematic, VR, Online PvP, Steam Trading Cards, 3rd-Person Perspective, Driving, explore, Offroad, street racing, w10 exclusive, winter, autumn, extreme",https://media.rawg.io/media/games/786/7863e587bac630de82fca50d799236a9.jpg
16209,Kingdom: Classic,74,3.4,"Strategy, Simulation, Indie","Singleplayer, Steam Achievements, Full controller support, Steam Cloud, Atmospheric, steam-trading-cards, Great Soundtrack, 2D, Difficult, Female Protagonist, Survival, Pixel Graphics, Side Scroller, Roguelike, Medieval, Resource Management, Tower Defense, City Builder",https://media.rawg.io/media/games/e40/e40cc9d1957b0a0ed7e389834457b524.jpg
15834,The Walking Dead: Season 2,80,4.06,"Action, Adventure","Singleplayer, Full controller support, Atmospheric, Story Rich, Horror, Gore, Female Protagonist, Survival, Zombies, Point & Click, Post-apocalyptic, Choices Matter, Mature, Cinematic, Drama, Episodic, Comic Book, Choose Your Own Adventure, Quick-Time Events",https://media.rawg.io/media/games/471/4712c9ac591f556f553556b864a7e92b.jpg
23322,Surviving Mars,75,3.47,"Strategy, Simulation","Singleplayer, Steam Achievements, cooperative, Sci-fi, Space, City Builder, Mars",https://media.rawg.io/media/games/08b/08b2eee52a9876a48b955e5149affe5b.jpg
58617,Borderlands 3,83,3.87,"Action, Shooter, Adventure, RPG","Singleplayer, Steam Achievements, Multiplayer, Full controller support, Steam Cloud, Atmospheric, Great Soundtrack, RPG, Co-op, Open World, cooperative, First-Person, FPS, Online Co-Op, Gore, Exploration, Violent, Split Screen, Local Co-Op, Action-Adventure, Local Multiplayer, Cross-Platform Multiplayer, Space, role-playing, Nudity, Steam Trading Cards, Driving, online, Loot, console, friends, Epic, Masterpiece, offline, Western, Co-op Campaign, skill, looter shooter, Solo, guns, planets, LAN Co-op, Team, trees, wasteland",https://media.rawg.io/media/games/9f1/9f1891779cb20f44de93cef33b067e50.jpg
3371,Dark Souls II: Scholar of the First Sin,79,4.14,"Action, RPG","Singleplayer, Steam Achievements, Multiplayer, Full controller support, Atmospheric, RPG, Co-op, Story Rich, cooperative, Third Person, Fantasy, Difficult, Action RPG, Dark, PvP, Hack and Slash, Character Customization, Dark Fantasy, Medieval, Remake, Lore-Rich",https://media.rawg.io/media/games/8fc/8fc59e74133fd8a8a436b7e2d0fb36c2.jpg
22781,Syberia 2,80,3.89,"Adventure, Puzzle","Singleplayer, Atmospheric, Great Soundtrack, Story Rich, Classic, Female Protagonist, Point & Click, Mystery, Story, Steampunk, puzzles, Movie, factory, Dreams",https://media.rawg.io/media/games/c00/c003705c0eaed100397ae408b7b89e90.jpg
4440,Deus Ex: Human Revolution,89,4.36,"Action, RPG","Stealth, Cyberpunk",https://media.rawg.io/media/games/81e/81e6c6819d4322caf375b6735c3043ec.jpg
16113,Sleeping Dogs,81,4.14,"Action, Adventure","Singleplayer, Multiplayer, Full controller support, Atmospheric, Great Soundtrack, RPG, Story Rich, Open World, Third Person, Sandbox, Violent, Third-Person Shooter, Parkour, Crime, Driving, Martial Arts",https://media.rawg.io/media/games/3d9/3d9bac98d79bcd2d445f829e8d6be902.jpg
22121,Celeste,91,4.37,"Indie, Platformer","Singleplayer, Steam Achievements, Full controller support, Steam Cloud, Story Rich, 2D, Horror, Female Protagonist, celeste, xna, miniboss, fna, towerfall, matt-makes-games, great-graphics, character-development",https://media.rawg.io/media/games/594/59487800889ebac294c7c2c070d02356.jpg
18336,Alan Wake's American Nightmare,73,3.41,"Action, Shooter","Singleplayer, Full controller support, Atmospheric, Story Rich, Third Person, Horror, Survival, Controller, Third-Person Shooter, Survival Horror, controller support, Mystery, Short, Cinematic, Detective, Supernatural, Thriller",https://media.rawg.io/media/games/0b3/0b34647c42271600399b93d19b10f1aa.jpg
4101,Bayonetta,90,4.3,"Action, Adventure","Singleplayer, Steam Achievements, Full controller support, Steam Cloud, Atmospheric, steam-trading-cards, Great Soundtrack, Third Person, Fantasy, Gore, Classic, Female Protagonist, Comedy, Anime, Nudity, Hack and Slash, Mature, Fast-Paced, Sexual Content, Beat 'em up, Character Action Game, Spectacle fighter",https://media.rawg.io/media/games/bee/bee483efadcf9d7e657e52184316a34e.jpg
13194,To the Moon,81,4.29,"Action, Adventure, RPG, Casual, Indie","Singleplayer, Steam Achievements, Full controller support, Steam Cloud, Atmospheric, steam-trading-cards, Great Soundtrack, RPG, Story Rich, 2D, Sci-fi, Funny, Female Protagonist, Action-Adventure, Pixel Graphics, Retro, Space, role-playing, Cute, Short, Walking Simulator, Parkour, Relaxing, Linear, Romance, America, Family Sharing, Interactive Fiction, Psychological, RPGMaker, RPG Maker, 2D Platformer, 2D-платформер",https://media.rawg.io/media/games/fae/faebf3c8cbf30db3f46bfbecf6ada3d6.jpg
14446,Call of Duty: Black Ops II,74,3.96,"Action, Shooter","Singleplayer, Steam Achievements, Multiplayer, Full controller support, Steam Cloud, Atmospheric, steam-trading-cards, Great Soundtrack, Co-op, cooperative, First-Person, Sci-fi, Horror, FPS, Online Co-Op, Steam Leaderboards, Survival, Controller, Tactical, Zombies, War, Futuristic, Team-Based, Valve Anti-Cheat enabled, Story, character, death",https://media.rawg.io/media/games/8ee/8eed88e297441ef9202b5d1d35d7d86f.jpg
16343,A Story About My Uncle,73,3.15,"Adventure, Arcade, Casual, Indie, Platformer","Singleplayer, Steam Achievements, Full controller support, Steam Cloud, Atmospheric, steam-trading-cards, Great Soundtrack, Story Rich, Open World, First-Person, Sci-fi, Horror, Fantasy, Difficult, Family Friendly, controller support, Short, Parkour, 3D Platformer, Narration",https://media.rawg.io/media/games/37a/37a9536e92cf8fe3b60045aa75dbd41f.jpg
45821,Frostpunk,85,4.19,"Strategy, Simulation","Singleplayer, Atmospheric, Difficult, Survival, Dark, Post-apocalyptic, Choices Matter, Building, Management, Real-Time with Pause, Resource Management, Economy, City Builder",https://media.rawg.io/media/games/a88/a886c37bf112d009e318b106db9d420a.jpg
752,SMITE,83,3.05,Action,"Steam Achievements, Multiplayer, steam-trading-cards, RPG, Co-op, cooperative, Third Person, Funny, Survival, Free to Play, PvP, Nudity, Team-Based, Competitive, MMORPG, MOBA, Mythology, e-sports",https://media.rawg.io/media/games/cc7/cc77035eb972f179f5090ee2a0fabd99.jpg
306124,Borderlands Game of the Year Enhanced,78,3.8,"Action, Shooter, RPG","Singleplayer, Steam Achievements, Multiplayer, Steam Cloud, Atmospheric, RPG, Open World, cooperative, First-Person, Partial Controller Support, FPS, Online Co-Op, Gore, Exploration, Violent, Post-apocalyptic, Sexual Content, Dark Humor, Loot, Role Playing Game, humor, meat",https://media.rawg.io/media/games/df9/df988191048e92cf86dabd2987c47b62.jpg
2728,Tom Clancy’s The Division,80,3.7,"Action, Shooter, RPG","Singleplayer, Multiplayer, Atmospheric, steam-trading-cards, RPG, Co-op, Open World, cooperative, Third Person, FPS, Online Co-Op, Sandbox, Survival, Tactical, Third-Person Shooter, Post-apocalyptic, MMORPG",https://media.rawg.io/media/games/c73/c73c4ffebfe968ba0982a56c2b5020ef.jpg
20406,Team Fortress Classic,0,2.92,"Action, Shooter, Massively Multiplayer","Multiplayer, Co-op, Story Rich, cooperative, First-Person, FPS, Online Co-Op, Funny, Classic, Retro, Team-Based, Fast-Paced, Competitive, Valve Anti-Cheat enabled, Remake, 1990's, Class-Based, Mod",https://media.rawg.io/media/games/abd/abdb7e589f0a8ccd36c0582673120b1e.jpg
58550,Ghost of Tsushima,83,4.41,"Action, Adventure, RPG","Singleplayer, Atmospheric, RPG, Open World, Third Person, Action-Adventure, exclusive, japanese",https://media.rawg.io/media/games/f24/f2493ea338fe7bd3c7d73750a85a0959.jpeg
4123,Batman: Arkham Asylum,91,4.4,Action,"Exploration, Stealth, puzzles, hero, island",https://media.rawg.io/media/games/d56/d564ee964eb3c17892b3b35dd607f836.jpg
15426,Black Mesa,86,4.35,"Action, Shooter, Indie","Singleplayer, Multiplayer, Atmospheric, Great Soundtrack, Co-op, Story Rich, First-Person, Sci-fi, Partial Controller Support, Horror, FPS, Classic, Online multiplayer, Early Access, Cross-Platform Multiplayer, Zombies, Includes level editor, exclusive, Captions available, Aliens, true exclusive, Remake, Includes Source SDK, Mod",https://media.rawg.io/media/games/009/009e4e84975d6a60173ec1199db25aa3.jpg
4094,Metal Gear Rising: Revengeance,83,4.25,Action,"Singleplayer, Steam Achievements, Full controller support, Steam Cloud, Great Soundtrack, Story Rich, Third Person, Sci-fi, Gore, Difficult, Stealth, Hack and Slash, Replay Value, Fast-Paced, Cyberpunk, Beat 'em up, Ninja, Mechs, Character Action Game, Swordplay, Spectacle fighter",https://media.rawg.io/media/games/8e6/8e699e91cf77c2060b6d515e2135b1b1.jpg
12756,"Warhammer 40,000: Space Marine",74,3.48,"Action, Shooter","Singleplayer, Steam Achievements, Multiplayer, Full controller support, Atmospheric, Great Soundtrack, Co-op, Story Rich, cooperative, Third Person, Sci-fi, Online Co-Op, Gore, Steam Leaderboards, Controller, Third-Person Shooter, Hack and Slash, Futuristic, Dystopian, Games Workshop, Warhammer 40K",https://media.rawg.io/media/games/ac2/ac25b5cef220bf5b8d052e0978451cab.jpg
4573,PAYDAY The Heist,76,3.35,"Action, Shooter","Singleplayer, Steam Achievements, Multiplayer, Steam Cloud, steam-trading-cards, Great Soundtrack, RPG, Co-op, cooperative, First-Person, FPS, Online Co-Op, Difficult, Stealth, Tactical, stats, Team-Based, Crime, Heist",https://media.rawg.io/media/games/546/546cf59a24b0ae308e311a07611ca22f.jpg
2553,Ratchet & Clank,85,4.05,"Action, Shooter, Adventure","Action-Adventure, exclusive, true exclusive",https://media.rawg.io/media/games/d30/d30ef0c7dd4878161b1f781e297ae6a0.jpg
42895,Assassin's Creed Syndicate,74,3.67,Action,"Singleplayer, Multiplayer, Atmospheric, Great Soundtrack, Co-op, Story Rich, Open World, cooperative, Third Person, Partial Controller Support, Funny, Gore, Female Protagonist, Stealth, Historical, Parkour, Steampunk, Assassin, Illuminati",https://media.rawg.io/media/games/9f1/9f189c639f70f91166df415811a8b525.jpg
9966,Dead by Daylight,72,3.5,Action,"Steam Achievements, Multiplayer, Steam Cloud, Atmospheric, steam-trading-cards, Co-op, First-Person, Third Person, Partial Controller Support, Horror, Online Co-Op, Gore, Difficult, Survival, Comedy, Violent, Stealth, Survival Horror, Mature, Team-Based, online, Blood, character, console, offline, work, death, escape, sacrifice",https://media.rawg.io/media/games/e11/e11325e2f89151d31f612e38dee3b6a0.jpg
3631,inFAMOUS Second Son,80,3.91,Action,"exclusive, true exclusive",https://media.rawg.io/media/games/be2/be239d5eb4d0bf02bf722aff51e694ad.jpg
14512,Age of Wonders III,80,2.92,"RPG, Strategy","Singleplayer, Steam Achievements, Multiplayer, Steam Cloud, Atmospheric, steam-trading-cards, Great Soundtrack, RPG, Co-op, cooperative, Fantasy, Classic, Female Protagonist, Split Screen, Tactical, Steam Workshop, Cross-Platform Multiplayer, Includes level editor, Moddable, Turn-Based, Turn-Based Strategy, Grand Strategy, 4X, Hex Grid",https://media.rawg.io/media/games/f95/f95ec06eddda5c5bf206618c49cd3e68.jpg
30899,Mafia: The City of Lost Heaven,88,4.36,Action,"Singleplayer, Story Rich, Open World, Third Person, Classic, Violent, Action-Adventure, mafia, 1930s, 30s",https://media.rawg.io/media/games/74c/74ca0ec569682a150f3c6f9f661fb6a5.jpg
2597,LEGO The Lord of the Rings,80,3.56,"Action, Adventure","Singleplayer, Steam Achievements, Multiplayer, Full controller support, Steam Cloud, Co-op, Open World, cooperative, Third Person, Fantasy, Funny, Comedy, Split Screen, Local Co-Op, Controller, Local Multiplayer, Family Friendly, 3D Vision, LEGO",https://media.rawg.io/media/games/89a/89a700d3c6a76bd0610ca89ccd20da54.jpg
18614,Half-Life: Source,0,3.71,Action,"Singleplayer, Multiplayer, Atmospheric, Great Soundtrack, Co-op, Story Rich, First-Person, Sci-fi, Horror, FPS, Classic, Zombies, Moddable, Aliens, Remake, 1990's, Silent Protagonist",https://media.rawg.io/media/games/d54/d54f0267a042f44c032d8ca264584ecf.jpg
2115,Overcooked,81,4.07,"Simulation, Arcade, Casual, Indie","Singleplayer, Steam Achievements, Multiplayer, Full controller support, Steam Cloud, steam-trading-cards, Great Soundtrack, Co-op, cooperative, Funny, Difficult, Split Screen, Local Co-Op, Local Multiplayer, Family Friendly, Colorful, Memes, 4 Player Local, Co-op Campaign",https://media.rawg.io/media/games/270/270b412b66688081497b3d70c100b208.jpg
17857,S.T.A.L.K.E.R.: Shadow of Chernobyl,82,4.27,"Action, Shooter, Adventure, RPG","Singleplayer, Multiplayer, Atmospheric, RPG, Open World, First-Person, Sci-fi, Horror, FPS, Difficult, Classic, Sandbox, Survival, Moddable, Survival Horror, Post-apocalyptic, Based On A Novel, Inventory Management",https://media.rawg.io/media/games/348/348640e78a7fcd4bb7dcad4fea014eeb.jpg
9671,Rust,66,3.37,"Action, Shooter, RPG, Massively Multiplayer, Indie","Multiplayer, Co-op, Open World, cooperative, First-Person, FPS, Online Co-Op, Sandbox, Survival, Early Access, Steam Workshop, PvP, Cross-Platform Multiplayer, Nudity, In-App Purchases, Survival Horror, Post-apocalyptic, Crafting, Building, Valve Anti-Cheat enabled, mmo",https://media.rawg.io/media/games/447/4470c1e76f01acfaf5af9c207d1c1c92.jpg
50778,A Way Out,78,4.12,"Action, Adventure","Steam Achievements, Multiplayer, Full controller support, Atmospheric, Co-op, Story Rich, cooperative, Third Person, Online Co-Op, Violent, Stealth, Split Screen, Local Co-Op, Action-Adventure, Nudity, Cinematic, Sexual Content, Crime, Steam Trading Cards, Emotional, Remote Play Together, Shared/Split Screen Co-op, Remote Play on TV, Remote Play on Tablet, Conversation, Remote Play on Phone, prison, ea play",https://media.rawg.io/media/games/473/473bd9a5e9522629d6cb28b701fb836a.jpg
28152,STAR WARS Battlefront II,74,3.58,"Action, Shooter, Adventure","Singleplayer, Steam Achievements, Multiplayer, Co-op, cooperative, First-Person, Third Person, Sci-fi, FPS, Online Co-Op, Tactical, Third-Person Shooter, PvP, Space, Character Customization, combat, Aliens, Online PvP, Steam Trading Cards, Star Wars, Vehicular Combat",https://media.rawg.io/media/games/f54/f54e9fb2f4aac37810ea1a69a3e4480a.jpg
13247,Human: Fall Flat,70,3.82,"Action, Indie, Puzzle","Singleplayer, Steam Achievements, Multiplayer, Full controller support, Steam Cloud, Co-op, Open World, cooperative, Funny, Sandbox, Survival, Split Screen, Local Co-Op, Local Multiplayer, stats, controller support, Physics, Memes, 3D Platformer, Puzzle-Platformer, soft-body physics",https://media.rawg.io/media/games/74d/74dafeb9a442b87b9dd4a1d4a2faa37b.jpg
13913,Deus Ex: Game of the Year Edition,90,4.12,"Action, Shooter, RPG","Singleplayer, Multiplayer, Atmospheric, Great Soundtrack, RPG, Story Rich, First-Person, Sci-fi, FPS, Classic, Stealth, Action RPG, Moddable, Cyberpunk, Dystopian, Cult Classic, Immersive Sim, Conspiracy, Inventory Management",https://media.rawg.io/media/screenshots/67e/67e5be6ad7a555248f50bd367e9a071c.jpg
3209,Until Dawn,79,4.1,"Action, Adventure","Horror, exclusive",https://media.rawg.io/media/games/d64/d6443375f9971152866ea76bff97d6d6.jpg
2518,Max Payne,89,4.45,"Action, Shooter","Singleplayer, Classic, Third-Person Shooter, Noir, first person mod",https://media.rawg.io/media/games/2f5/2f5eb72fe45540e93ac2726877551a20.jpg
46956,Doki Doki Literature Club!,78,4.06,"Adventure, Indie","Singleplayer, Horror, Free to Play, Anime, Cute, Visual Novel, Romance, Dating Sim",https://media.rawg.io/media/games/972/972aea3c9eb253e893947bec2d2cfbb9.jpg
19569,Hitman: Blood Money,82,4.31,"Action, Shooter","Singleplayer, Atmospheric, Great Soundtrack, First-Person, Third Person, Difficult, Classic, Sandbox, Stealth, Third-Person Shooter, Dark, Replay Value, Crime, Assassin, Cult Classic",https://media.rawg.io/media/games/233/233cdc08cce0228f6f35222eca3bff92.jpg
11312,The Long Dark,76,3.91,"Action, Adventure, Simulation, Indie","Singleplayer, Steam Achievements, Multiplayer, Full controller support, Steam Cloud, Atmospheric, steam-trading-cards, Open World, First-Person, Horror, Exploration, Difficult, Steam Leaderboards, Sandbox, Female Protagonist, Survival, Early Access, Survival Horror, Post-apocalyptic, Crafting, Walking Simulator, overlay, in development, Aventure",https://media.rawg.io/media/games/fd2/fd20a68d7ef195855588c937865dd0a7.jpg
14962,Dark Souls: Prepare To Die Edition,85,4.37,"Action, RPG","Singleplayer, Steam Achievements, Multiplayer, Atmospheric, Great Soundtrack, RPG, Story Rich, Open World, Third Person, Partial Controller Support, Fantasy, Exploration, Difficult, Action RPG, Dark, Character Customization, Replay Value, Dark Fantasy, Medieval, Lore-Rich",https://media.rawg.io/media/games/511/5116b4524cea34c6b3f12e0ca027d850.jpg
750,FINAL FANTASY XV,82,3.87,RPG,"RPG, Fantasy, combat, Story, battle, friends, Tanks, night",https://media.rawg.io/media/games/2ee/2eeed8524931b4fae1e4a40d0e5443b5.jpg
18183,Company of Heroes,93,3.68,Strategy,"Singleplayer, Multiplayer, Steam Cloud, steam-trading-cards, Co-op, cooperative, First-Person, FPS, Classic, Violent, Tactical, Steam Workshop, Moddable, War, Historical, Team-Based, RTS, Military, Base Building, World War II, Real-Time with Pause, Real-Time, Tanks",https://media.rawg.io/media/games/0fa/0fadc446fd1e9ae9e23a32793d9a5406.jpg
250,The Binding of Isaac: Rebirth,86,4.31,"Action, RPG","Singleplayer, Steam Achievements, Full controller support, Steam Cloud, Atmospheric, steam-trading-cards, Great Soundtrack, Co-op, cooperative, 2D, Horror, Gore, Difficult, Split Screen, Local Co-Op, Pixel Graphics, Dark, Replay Value, Roguelike, Remake, Roguelite, Dungeon Crawler, Procedural Generation, Twin Stick Shooter",https://media.rawg.io/media/games/926/926928beb8a9f9b31cf202965aa4cbbc.jpg
5193,Oddworld: Abe's Oddysee,85,3.55,"Action, Platformer","Singleplayer, Multiplayer, Atmospheric, steam-trading-cards, 2D, Fantasy, Funny, Difficult, Classic, Comedy, Dark, Retro, controller support, Cinematic, Puzzle-Platformer, Cult Classic",https://media.rawg.io/media/games/2ae/2aedae90b1377a0f3e5ce54d24f8e41a.jpg
14016,Tropico 4,78,3.51,"Strategy, Simulation","Singleplayer, Steam Achievements, Atmospheric, steam-trading-cards, Great Soundtrack, Funny, Sandbox, Comedy, Building, RTS, Management, Real-Time with Pause, Resource Management, Economy, City Builder, Political, Cold War, Politics, God Game, Capitalism",https://media.rawg.io/media/games/d1e/d1e70ce3762efcfc170c6bd067d7e9e3.jpg
452638,Stray,82,4.15,"Action, Adventure, Indie, Puzzle, Platformer","Singleplayer, Steam Achievements, Full controller support, Steam Cloud, Atmospheric, Open World, Third Person, Sci-fi, Horror, Exploration, Stealth, exclusive, Cute, Mystery, Colorful, Cyberpunk, Dystopian, Steam Trading Cards, Robots, Beautiful, Remote Play on TV, cats, Котики",https://media.rawg.io/media/games/cd3/cd3c9c7d3e95cb1608fd6250f1b90b7a.jpg
274480,Mortal Kombat 11,82,3.97,"Action, Adventure, Fighting","Singleplayer, Multiplayer, Atmospheric, Gore, Violent, Online multiplayer, Blood",https://media.rawg.io/media/games/eb5/eb514db62d397c64288160d5bd8fd67a.jpg
670682,Counter-Strike: Condition Zero Deleted Scenes,0,2.88,Shooter,"cs, counter-strke, condition zero",https://media.rawg.io/media/screenshots/9fd/9fd128fef547eb630182a1995b1edeb5.jpg
3368,Titan Souls,74,3.33,"Action, Indie","Singleplayer, Steam Achievements, Full controller support, Atmospheric, Great Soundtrack, 2D, Fantasy, Difficult, Action-Adventure, Pixel Graphics, Controller, Retro, controller support, Short, Roguelike, Top-Down",https://media.rawg.io/media/screenshots/2fc/2fc6994425146f9dba3133400b414e29.jpg
3346,Wolfenstein: The Old Blood,76,4.0,"Action, Shooter","Singleplayer, Steam Achievements, Multiplayer, Steam Cloud, Atmospheric, Story Rich, First-Person, Sci-fi, Partial Controller Support, Horror, FPS, Funny, Gore, Steam Leaderboards, Stealth, Zombies, War, Mature, Blood, World War II, Alternate History",https://media.rawg.io/media/games/f14/f1422eacab98c5f85a5123da4e9d9e89.jpg
16359,Divinity: Original Sin - Enhanced Edition,94,4.25,"RPG, Indie","Singleplayer, Steam Achievements, Multiplayer, Full controller support, Steam Cloud, steam-trading-cards, Great Soundtrack, RPG, Co-op, Story Rich, Open World, cooperative, Fantasy, Split Screen, Local Co-Op, Cross-Platform Multiplayer, Character Customization, Turn-Based, Captions available, Isometric, Turn-Based Strategy, Turn-Based Combat, CRPG, Party-Based RPG",https://media.rawg.io/media/games/33b/33b825c76382931df0fd8ecddf5caebe.jpg
51610,Dark Souls: Remastered,84,4.48,"Action, RPG","Singleplayer, Steam Achievements, Multiplayer, Full controller support, Atmospheric, Great Soundtrack, RPG, Co-op, Story Rich, Open World, cooperative, Third Person, Exploration, Difficult, Action RPG, Dark, Character Customization, Replay Value, Dark Fantasy, Mature, Lore-Rich",https://media.rawg.io/media/games/29c/29c6c21cc0c78cff6f45d23631cc82f4.jpg
17803,Ryse: Son of Rome,61,3.59,"Action, Adventure","Singleplayer, Multiplayer, Full controller support, Atmospheric, RPG, Co-op, Open World, cooperative, Third Person, Fantasy, Gore, stats, Nudity, Hack and Slash, War, Short, Historical, Linear, Quick-Time Events, Benchmark, Rome",https://media.rawg.io/media/games/736/736c0eaec96d848d7824b33298a182f2.jpg
10449,Darksiders II Deathinitive Edition,75,3.79,"Action, RPG","Singleplayer, Steam Achievements, Multiplayer, Full controller support, Steam Cloud, steam-trading-cards, Great Soundtrack, RPG, Story Rich, Open World, Third Person, Fantasy, Gore, Steam Leaderboards, Action RPG, Controller, Hack and Slash, Post-apocalyptic, Dark Fantasy, Parkour, Loot, Spectacle fighter",https://media.rawg.io/media/games/cfe/cfe5960b5caca432f3575fc7d8ff736b.jpg
455597,It Takes Two,88,4.46,"Action, Adventure, Platformer","Steam Achievements, Multiplayer, Full controller support, Co-op, Story Rich, cooperative, Online Co-Op, Exploration, Female Protagonist, Split Screen, Local Co-Op, Action-Adventure, Action RPG, Magic, Story, Steam Trading Cards, online, 3D Platformer, character, Emotional, console, Протагонистка, Remote Play Together, Shared/Split Screen Co-op, offline, Co-op Campaign, work, night, journey, Minigames, love, light, Mining, treasure, relationship, learn, obstacles, delivery",https://media.rawg.io/media/games/d47/d479582ed0a46496ad34f65c7099d7e5.jpg
19299,Fallout 2,86,4.34,RPG,"Singleplayer, Steam Cloud, Atmospheric, Great Soundtrack, RPG, Story Rich, Open World, 2D, Sci-fi, Exploration, Classic, Sandbox, Retro, role-playing, Post-apocalyptic, Turn-Based, Replay Value, Isometric, Dark Humor, Turn-Based Combat, CRPG",https://media.rawg.io/media/games/218/218167ff4011acc825c844d0070940a0.jpg
15858,Star Wars: Knights of the Old Republic II – The Sith Lords,85,4.35,"Adventure, RPG","Singleplayer, Steam Achievements, Full controller support, Steam Cloud, Atmospheric, RPG, Story Rich, Third Person, Sci-fi, Classic, Female Protagonist, Steam Workshop, Space, role-playing, Moddable, Character Customization, Turn-Based, Choices Matter, Multiple Endings, Turn-Based Combat, Real-Time with Pause, Party-Based RPG, Star Wars",https://media.rawg.io/media/games/046/0464f4a36cd975a37c95b93b06058855.jpg
3554,The Evil Within,68,3.98,"Action, Shooter, Adventure","Singleplayer, Steam Achievements, Full controller support, Steam Cloud, Atmospheric, steam-trading-cards, Story Rich, Open World, Third Person, Horror, Gore, Difficult, Survival, Stealth, Third-Person Shooter, Dark, Zombies, Survival Horror, Captions available, Cinematic, Walking Simulator",https://media.rawg.io/media/games/157/1570121f5c4d240504f1eae5c3854733.jpg
9653,Hacknet,82,3.19,"Simulation, Indie","Singleplayer, Steam Achievements, Multiplayer, Steam Cloud, Atmospheric, steam-trading-cards, Great Soundtrack, Story Rich, 2D, Sci-fi, Horror, Steam Workshop, Includes level editor, Captions available, Cyberpunk, Education, Hacking, Programming, Typing",https://media.rawg.io/media/games/23b/23b69bfef2a1ce2e3dcdf1aa8ef1150b.jpg
10090,Beholder,75,3.8,"Adventure, RPG, Strategy, Indie","Singleplayer, Steam Achievements, Full controller support, Steam Cloud, Atmospheric, steam-trading-cards, Great Soundtrack, RPG, Story Rich, 2D, Horror, Violent, Stealth, Dark, Point & Click, Choices Matter, Multiple Endings, Dystopian, Political",https://media.rawg.io/media/games/40a/40ab95c1639aa1d7ec04d4cd523af6b1.jpg
9793,Guns of Icarus Online,64,2.59,"Action, Simulation, Indie","Steam Achievements, Multiplayer, steam-trading-cards, Co-op, cooperative, First-Person, Partial Controller Support, FPS, Online Co-Op, Tactical, stats, Steam Workshop, PvP, Team-Based, Competitive, Steampunk, Kickstarter, Class-Based, Flight",https://media.rawg.io/media/games/179/179245a3693049a11a25b900ab18f8f7.jpg
13628,Dear Esther: Landmark Edition,0,3.31,"Adventure, Casual, Indie","Singleplayer, Steam Achievements, Full controller support, Steam Cloud, Atmospheric, Great Soundtrack, First-Person, Exploration, Walking Simulator, Commentary available",https://media.rawg.io/media/screenshots/b20/b20a20205954f9765e82298dbd41e48a.jpg
50781,Sea of Thieves,68,3.69,"Action, Adventure, Massively Multiplayer","Singleplayer, Steam Achievements, Multiplayer, Full controller support, Co-op, Open World, cooperative, First-Person, Online Co-Op, Funny, PvP, Cross-Platform Multiplayer, In-App Purchases, exclusive, Online PvP, PvE, Pirates, Sailing, sea, w10 exclusive",https://media.rawg.io/media/games/5f6/5f61441e6338e9221f96a8f4c64c7bb8.jpg
12320,Prison Architect,83,3.72,"Strategy, Simulation, Indie","Singleplayer, Steam Achievements, Steam Cloud, steam-trading-cards, 2D, Funny, Sandbox, Comedy, Steam Workshop, Includes level editor, Moddable, Replay Value, Building, RTS, Top-Down, Management, overlay, achievements, Base Building, Resource Management, Economy, City Builder",https://media.rawg.io/media/games/6bc/6bc79f5bc023b1e6938f6eaf9926f073.jpg
58813,Resident Evil 2,91,4.5,"Action, Adventure","Atmospheric, Horror, Action-Adventure, Zombies, Survival Horror, Remake, quest",https://media.rawg.io/media/games/053/053fc543bf488349610f1ae2d0c1b51b.jpg
17380,Sid Meier's Civilization III Complete,90,3.71,"Strategy, Simulation","Singleplayer, Multiplayer, Exploration, Classic, Includes level editor, Turn-Based, Replay Value, Historical, Turn-Based Strategy, Military, Grand Strategy, 4X",https://media.rawg.io/media/games/054/0549f1a0a5e782d4e81cdf8d022073fa.jpg
4729,Assassin's Creed,80,3.92,Action,"Stealth, Space, Assassin, character, city, Investigation, future, Single player only, office, treasure",https://media.rawg.io/media/games/0bc/0bcc108295a244b488d5c25f7d867220.jpg
19451,Fallout 3: Game of the Year Edition,91,4.14,"Action, RPG","Singleplayer, Atmospheric, Great Soundtrack, RPG, Story Rich, Open World, First-Person, Third Person, Sci-fi, FPS, Exploration, Sandbox, Action RPG, Moddable, Post-apocalyptic, Replay Value",https://media.rawg.io/media/games/e53/e5372e767149bc88106e1da0ae7e9104.jpg
10092,Minion Masters,0,2.3,"Action, Strategy, Indie","Singleplayer, Steam Achievements, Multiplayer, Steam Cloud, steam-trading-cards, RPG, Co-op, Online Co-Op, Fantasy, Gore, Violent, Online multiplayer, Controller, PvP, In-App Purchases, Competitive, Top-Down, Blood, Card Game, Real-Time, Real Time Tactics, Strategy RPG, Trading Card Game",https://media.rawg.io/media/games/e4a/e4ab7f784bdc38c76ce6e4cef9715d18.jpg
15274,Jotun: Valhalla Edition,79,3.06,"Action, Indie","Singleplayer, Steam Achievements, Full controller support, Steam Cloud, Atmospheric, steam-trading-cards, Great Soundtrack, 2D, Fantasy, Exploration, Difficult, Female Protagonist, Controller, Isometric, Hand-drawn, Kickstarter, Mythology, Boss battle, Norse",https://media.rawg.io/media/games/032/0329db96e252aa41e672da2ba16f914c.jpg
3427,Murdered: Soul Suspect,59,3.47,"Action, Adventure, RPG","Singleplayer, Steam Achievements, Full controller support, Atmospheric, steam-trading-cards, RPG, Story Rich, Open World, Third Person, Horror, Stealth, Dark, Point & Click, Mystery, Short, Walking Simulator, Crime, Detective, Supernatural, Noir",https://media.rawg.io/media/games/54a/54a3e4c617217848dc43c4de9989fe37.jpg
3729,LEGO The Hobbit,70,3.41,"Action, Adventure, Family","Singleplayer, Steam Achievements, Multiplayer, Full controller support, Steam Cloud, Atmospheric, RPG, Co-op, Open World, cooperative, Third Person, Fantasy, Funny, Comedy, Split Screen, Local Co-Op, Family Friendly, LEGO",https://media.rawg.io/media/games/e4f/e4fb3fd188f61fabec48dca22e6ef28a.jpg
10064,Assassin’s Creed Brotherhood,88,4.28,Action,"Singleplayer, Multiplayer, Atmospheric, Great Soundtrack, Story Rich, Open World, Third Person, Partial Controller Support, Sandbox, Stealth, Action-Adventure, Controller, Historical, Medieval, Parkour, Assassin, Conspiracy, Rome",https://media.rawg.io/media/games/116/116b93c6876a361a96b2eee3ee58ab13.jpg
12569,Starbound,81,3.82,"Action, RPG, Casual, Indie","Singleplayer, Steam Achievements, Multiplayer, Atmospheric, steam-trading-cards, Great Soundtrack, RPG, Co-op, Open World, cooperative, 2D, Sci-fi, Online Co-Op, Exploration, Sandbox, Survival, Online multiplayer, Pixel Graphics, Steam Workshop, Cross-Platform Multiplayer, Space, Crafting, Building, overlay",https://media.rawg.io/media/games/6d9/6d92d50affeebf2eb3894d178eb1117e.jpg
19452,F.E.A.R.,88,4.27,"Action, Shooter","Singleplayer, Multiplayer, Atmospheric, Great Soundtrack, Story Rich, First-Person, Sci-fi, Horror, FPS, Gore, Classic, Dark, Survival Horror, Masterpiece, Bullet Time",https://media.rawg.io/media/games/89a/89a8378d49732505cdb28babe505df9e.jpg
5161,Braid,92,4.16,"Action, Arcade, Indie, Puzzle, Platformer","Singleplayer, Steam Achievements, Full controller support, Steam Cloud, Atmospheric, Great Soundtrack, Story Rich, 2D, Fantasy, Difficult, Classic, Controller, controller support, Side Scroller, overlay, Puzzle-Platformer, Time Travel, Time Manipulation",https://media.rawg.io/media/games/a5a/a5abaa1b5cc1567b026fa3aa9fbd828e.jpg
3449,Resident Evil,91,4.19,"Action, Shooter","gameplay feature: multiple endings, playstation platinum range releases, 1990s, games made into books, games made into comics, games made into movies, hudless games, live action cut-scenes, setting: 1990s, setting: future now past, theme: law enforcement, theme: zombies, video games turned into board / card games, white label releases, biohazard / resident evil series, boss fight books games",https://media.rawg.io/media/games/510/51039d0ec5dc8c3e08ae4374dfceecec.jpg
829,Killing Floor 2,75,3.53,Action,"Singleplayer, Steam Achievements, Multiplayer, Full controller support, Atmospheric, steam-trading-cards, Great Soundtrack, Co-op, Open World, First-Person, Horror, FPS, Online Co-Op, Funny, Gore, Difficult, Survival, Online multiplayer, Steam Workshop, Zombies, Includes level editor, In-App Purchases, Survival Horror, Team-Based, Valve Anti-Cheat enabled",https://media.rawg.io/media/games/192/1921ec949024a5fbd1e1c7008f54b5af.jpg
14690,Trine Enchanted Edition,80,3.83,"Action, Arcade, Indie, Platformer","Singleplayer, Steam Achievements, Multiplayer, Full controller support, Steam Cloud, Atmospheric, steam-trading-cards, Great Soundtrack, Co-op, cooperative, 2D, Online Co-Op, Fantasy, Female Protagonist, Split Screen, Local Co-Op, Local Multiplayer, Steam Workshop, Includes level editor, Physics, 3D Vision, Puzzle-Platformer",https://media.rawg.io/media/games/e0f/e0f05a97ff926acf4c8f43e0849b6832.jpg
3912,Sanctum 2,77,2.97,"Action, Shooter, Strategy, Indie","Singleplayer, Steam Achievements, Multiplayer, Full controller support, Steam Cloud, steam-trading-cards, Great Soundtrack, RPG, Co-op, cooperative, First-Person, Sci-fi, FPS, Online Co-Op, Funny, Steam Leaderboards, Female Protagonist, Survival, Futuristic, Aliens, Tower Defense",https://media.rawg.io/media/games/963/963815b2a1a88475a31f311b591e70fb.jpg
10001,Serious Sam Fusion 2017 (beta),0,3.05,"Action, Indie","Singleplayer, Steam Achievements, Multiplayer, Full controller support, Steam Cloud, Co-op, cooperative, First-Person, FPS, Online Co-Op, Gore, Steam Leaderboards, Comedy, Violent, Online multiplayer, Split Screen, Local Co-Op, Local Multiplayer, Steam Workshop, Cross-Platform Multiplayer, Includes level editor, VR",https://media.rawg.io/media/games/21b/21babfc41e2a6972290833d1b860f13e.jpg
14062,Red Orchestra 2: Heroes of Stalingrad with Rising Storm,76,3.26,Action,"Singleplayer, Steam Achievements, Multiplayer, Atmospheric, steam-trading-cards, Co-op, cooperative, First-Person, FPS, Gore, Difficult, Tactical, stats, Steam Workshop, Includes level editor, War, Realistic, Historical, Team-Based, Military, Valve Anti-Cheat enabled, World War II, Tanks",https://media.rawg.io/media/games/bff/bff077fb7c3b037bd5ed920bf447c863.jpg
5578,GRID (2008),87,3.67,Racing,"Singleplayer, Online multiplayer",https://media.rawg.io/media/games/fc0/fc076b974197660a582abd34ebccc27f.jpg
2574,Enter the Gungeon,84,4.07,"Action, Shooter, Indie","Singleplayer, Steam Achievements, Multiplayer, Full controller support, Steam Cloud, Great Soundtrack, Co-op, cooperative, Funny, Difficult, Split Screen, Local Co-Op, Action-Adventure, Pixel Graphics, controller support, Roguelike, Roguelite, Dungeon Crawler, Shoot 'Em Up, achievements, Loot, Bullet Hell, Top-Down Shooter, Twin Stick Shooter",https://media.rawg.io/media/games/3be/3be0e624424d3453005019799a760af2.jpg
17174,Resident Evil Revelations 2,72,3.69,"Action, Adventure","Singleplayer, Steam Achievements, Multiplayer, Full controller support, Steam Cloud, Atmospheric, steam-trading-cards, Co-op, Story Rich, cooperative, Third Person, Horror, Online Co-Op, Gore, Steam Leaderboards, Female Protagonist, Survival, Local Co-Op, Action RPG, Third-Person Shooter, Zombies, Survival Horror, Episodic, island, escape, terror",https://media.rawg.io/media/games/ea3/ea3228b5c6c749019a9ed42e90a4e7c6.jpg
678,Neverwinter,74,2.92,"Action, RPG, Massively Multiplayer","Multiplayer, Atmospheric, steam-trading-cards, RPG, Co-op, Open World, cooperative, Third Person, Fantasy, Comedy, Free to Play, Action RPG, PvP, Zombies, Includes level editor, Hack and Slash, In-App Purchases, Character Customization, mmo, MMORPG, PvE, Dragons, Dungeons & Dragons",https://media.rawg.io/media/games/26b/26b27e1da9e3727fcb12e3e4e86c8c19.jpg
19375,Far Cry 3: Blood Dragon,81,4.0,Shooter,"Singleplayer, Atmospheric, steam-trading-cards, Great Soundtrack, Open World, First-Person, Sci-fi, Partial Controller Support, FPS, Funny, Comedy, Stealth, Retro, Post-apocalyptic, Futuristic, Cyberpunk, Dragons, 1980s, Parody",https://media.rawg.io/media/games/5e4/5e4bff02098b2b6f824c68286d5da1a6.jpg
397477,Resident Evil 3,80,4.04,"Action, Adventure","Singleplayer, Multiplayer, Full controller support, Steam Cloud, Atmospheric, Great Soundtrack, Co-op, Story Rich, cooperative, Third Person, Horror, Gore, Difficult, Classic, Female Protagonist, Violent, Third-Person Shooter, PvP, Zombies, Survival Horror, Online PvP, Steam Trading Cards, Remake, Masterpiece, first person mod",https://media.rawg.io/media/games/a4b/a4bb55f42fe837ae7bf1307e7b41cc85.jpg
442854,Mafia: Definitive Edition,78,4.24,"Action, Shooter","Singleplayer, Steam Achievements, Full controller support, Atmospheric, Story Rich, Open World, Third Person, Gore, Classic, Violent, Third-Person Shooter, Sexual Content, Crime, Remake, Driving, first person mod, mafia",https://media.rawg.io/media/games/345/3452d9d4483686c602372e0e6b3bb4cc.jpg
47137,Fortnite Battle Royale,0,3.29,"Action, Shooter","Multiplayer, Sci-fi, Sandbox, Comedy, Free to Play, 3D, island, Battle Royale, build, Solo, dance, Team, bus",https://media.rawg.io/media/games/dcb/dcbb67f371a9a28ea38ffd73ee0f53f3.jpg
3300,The Elder Scrolls Online: Tamriel Unlimited,77,3.48,"Action, RPG, Massively Multiplayer","Singleplayer, Multiplayer, Atmospheric, steam-trading-cards, Great Soundtrack, RPG, Co-op, Story Rich, Open World, cooperative, First-Person, Third Person, Partial Controller Support, Fantasy, Exploration, Sandbox, Female Protagonist, Action RPG, role-playing, Magic, mmo, 3rd-Person Perspective, MMORPG",https://media.rawg.io/media/games/596/596a48ef3b62b63b4cc59633e28be903.jpg
2047,Lords of the Fallen (2014),73,2.91,"Action, Adventure, RPG","Singleplayer, Steam Achievements, Multiplayer, Steam Cloud, Atmospheric, steam-trading-cards, Great Soundtrack, RPG, Co-op, Story Rich, Open World, cooperative, First-Person, Third Person, Partial Controller Support, Horror, Online Co-Op, Fantasy, Difficult, Action-Adventure, Action RPG, PvP, Cross-Platform Multiplayer, Hack and Slash, Character Customization, 3D, Dark Fantasy, combat, Medieval, Magic, Online PvP, Lore-Rich, Souls-like",https://media.rawg.io/media/games/d09/d096ad37b7f522e11c02848252213a9a.jpg
14317,Endless Space - Collection,77,3.09,Strategy,"Singleplayer, Steam Achievements, Multiplayer, Steam Cloud, Atmospheric, steam-trading-cards, Great Soundtrack, Sci-fi, Exploration, Sandbox, Cross-Platform Multiplayer, Space, Turn-Based, Replay Value, Futuristic, Aliens, Turn-Based Strategy, Grand Strategy, 4X, Diplomacy",https://media.rawg.io/media/screenshots/bf7/bf71c819eace914e6c42ae3ecb667308.jpg
3697,Serious Sam 3: BFE,72,3.46,"Action, Shooter, Indie","Singleplayer, Steam Achievements, Multiplayer, Full controller support, Steam Cloud, steam-trading-cards, Co-op, cooperative, First-Person, Sci-fi, FPS, Online Co-Op, Funny, Gore, Difficult, Steam Leaderboards, Comedy, Split Screen, Local Co-Op, Local Multiplayer, Steam Workshop, Cross-Platform Multiplayer, Nudity, Includes level editor, Aliens",https://media.rawg.io/media/games/12e/12ea6b35b65df38258e25885a0a392a6.jpg
4179,Darksiders II,83,3.74,"Action, RPG","War, combat, battle, character, Soundtrack, death, quest, apocalypse",https://media.rawg.io/media/games/848/8482235332f4518da363c3cb4e5cd075.jpg
442855,Mafia II: Definitive Edition,65,3.89,"Action, Adventure","Singleplayer, Steam Achievements, Full controller support, Story Rich, Open World, Third Person, Gore, Violent, Third-Person Shooter, Nudity, Sexual Content, Crime, Driving, Noir, mafia",https://media.rawg.io/media/games/d73/d7364906c530ccc2d89b0b5d8695e03c.jpg
53341,Jet Set Radio,94,3.41,"Action, Sports, Platformer","Singleplayer, Full controller support, Atmospheric, Great Soundtrack, Open World, Third Person, Classic, Female Protagonist, Controller, Retro, Anime, Colorful, Parkour, Music, Stylized, 3D Platformer, Cult Classic",https://media.rawg.io/media/games/fd7/fd794a9f0ffe816038d981b3acc3eec9.jpg
11974,Mark of the Ninja,91,3.99,"Action, Indie, Platformer","Singleplayer, Steam Achievements, Full controller support, Steam Cloud, Atmospheric, steam-trading-cards, Story Rich, 2D, Steam Leaderboards, Stealth, Controller, Dark, controller support, Replay Value, Short, Side Scroller, Assassin, Cartoon, Ninja",https://media.rawg.io/media/games/b17/b17485d757ca36b5f1ad376b6b096885.jpg
12019,BattleBlock Theater,85,3.84,"Action, Adventure, Casual, Indie, Platformer","Singleplayer, Steam Achievements, Multiplayer, Full controller support, Steam Cloud, steam-trading-cards, Great Soundtrack, Co-op, cooperative, 2D, Online Co-Op, Funny, Difficult, Steam Leaderboards, Sandbox, Comedy, Online multiplayer, Split Screen, Local Co-Op, Local Multiplayer, stats, Steam Workshop, Includes level editor, Team-Based, Level Editor, cats",https://media.rawg.io/media/games/388/388935d851846f8ec747fffc7c765800.jpg
28121,Slay the Spire,86,4.35,"RPG, Strategy, Card, Indie","Singleplayer, Steam Achievements, 2D, Steam Leaderboards, Early Access, stats, role-playing, Dungeon Crawler",https://media.rawg.io/media/games/f52/f5206d55f918edf8ee07803101106fa6.jpg
2300,Drawful 2,74,3.2,"Strategy, Casual, Indie","Steam Achievements, Multiplayer, Steam Cloud, Co-op, cooperative, Partial Controller Support, Funny, Comedy, Local Multiplayer, Family Friendly, party, Board Game",https://media.rawg.io/media/games/eeb/eeb9e668da5fd07bab9f655acfbbe579.jpg
2166,Game of Thrones - A Telltale Games Series,66,3.23,"Action, Adventure","Singleplayer, Steam Achievements, Full controller support, Atmospheric, Story Rich, Open World, Third Person, Fantasy, Gore, Female Protagonist, Controller, Point & Click, Nudity, War, controller support, Choices Matter, Mature, Medieval, achievements, Episodic, Choose Your Own Adventure, Dragons, Interactive Fiction, Based On A Novel",https://media.rawg.io/media/games/c81/c812e158129e00c9b0f096ae8a0bb7d6.jpg
259801,Final Fantasy VII,87,4.37,"Action, Adventure, RPG","Singleplayer, Atmospheric, RPG, Story Rich, Sci-fi, Fantasy, Exploration, Action-Adventure, exclusive, Cinematic, Magic, JRPG, 3rd-Person Perspective, Drama, Party-Based RPG, Role Playing Game, Jeu de rôle",https://media.rawg.io/media/games/d89/d89bd0cf4fcdc10820892980cbba0f49.jpg
295021,Orwell: Keeping an Eye On You,77,3.28,"Adventure, Simulation, Indie, Puzzle","Singleplayer, Steam Achievements, Steam Cloud, Atmospheric, steam-trading-cards, Great Soundtrack, Story Rich, Point & Click, Mystery, Choices Matter, Cyberpunk, Dystopian, Visual Novel, Detective, Episodic, Interactive Fiction, Political, Hacking, Politics, Mouse only",https://media.rawg.io/media/games/2e1/2e187b31e5cee21c110bd16798d75fab.jpg
9551,Deep Rock Galactic,84,4.1,"Action, Indie","Singleplayer, Multiplayer, Full controller support, Co-op, cooperative, Sci-fi, Horror, FPS, Online Co-Op, Exploration, Free to Play, Online multiplayer, Early Access, Mining",https://media.rawg.io/media/games/c92/c9207a31f0eeb9904a840fc26eae6afb.jpg
685577,Vampire Survivors,0,4.19,"Action, RPG, Casual, Indie","Singleplayer, Steam Achievements, Full controller support, RPG, 2D, Action RPG, Pixel Graphics, Controller, Early Access, Retro, Dark Fantasy, Roguelike, Metroidvania, Roguelite, Loot, Bullet Hell, Touch-Friendly, 1980s, Score Attack, Vampire, Action Roguelike, Spooky, Halloween",https://media.rawg.io/media/games/501/501e7019925a3c692bf1c8062f07abe6.jpg
4000,Remember Me,65,3.67,"Action, Adventure, Casual, Indie, Platformer","Singleplayer, Steam Achievements, Full controller support, Steam Cloud, Atmospheric, steam-trading-cards, Great Soundtrack, Story Rich, Open World, First-Person, Third Person, Sci-fi, Fantasy, Exploration, Female Protagonist, Survival, Action-Adventure, Dark, Hack and Slash, Cute, Mystery, 3D, Futuristic, Parkour, Cyberpunk, Beat 'em up, Dystopian, Linear, 3D Vision, Drama, Family Sharing, nature, Thriller, cats, Dog, Котики, Stereo Sound, Surround Sound",https://media.rawg.io/media/games/569/569ea25d2b56bd05c7fa309ddabe81ff.jpg
4032,Dragon's Dogma: Dark Arisen,81,3.91,"Action, Adventure, RPG","Singleplayer, Steam Achievements, Multiplayer, Full controller support, Steam Cloud, Atmospheric, steam-trading-cards, Great Soundtrack, RPG, Story Rich, Open World, Third Person, Fantasy, Exploration, Difficult, Steam Leaderboards, Action RPG, role-playing, Hack and Slash, Character Customization, controller support, Dark Fantasy, Magic, Walking Simulator, overlay, JRPG, achievements, Dragons, cloud saves, leaderboards",https://media.rawg.io/media/games/639/639ce7d7fecbb9f0717e9fbc1180f8f8.jpg
19600,Far Cry 2,85,3.46,"Action, Shooter","Singleplayer, Multiplayer, Atmospheric, Great Soundtrack, Co-op, Story Rich, Open World, First-Person, FPS, Exploration, Sandbox, Survival, Stealth, Controller, Realistic, Level Editor, Immersive Sim",https://media.rawg.io/media/games/89e/89e913f4ba5260cfb8b775667f81c23a.jpg
10040,Stellaris,78,4.11,"Strategy, Simulation","Singleplayer, Steam Achievements, Multiplayer, Steam Cloud, Atmospheric, Great Soundtrack, Story Rich, Open World, Sci-fi, Exploration, Sandbox, Steam Workshop, Cross-Platform Multiplayer, Space, Moddable, Replay Value, Building, RTS, Real-Time with Pause, Grand Strategy, 4X",https://media.rawg.io/media/games/92b/92bbf8a451e2742ab812a580546e593a.jpg
452649,Resident Evil: Village,83,4.38,"Action, Adventure","Singleplayer, Steam Achievements, Multiplayer, Full controller support, Atmospheric, Story Rich, Open World, First-Person, Horror, FPS, Gore, Survival, Violent, Dark, Zombies, Nudity, Survival Horror, Sexual Content, Steam Trading Cards, Dating Sim, evil",https://media.rawg.io/media/games/6cc/6cc23249972a427f697a3d10eb57a820.jpg
7381,ABZU,83,3.91,"Adventure, Simulation, Indie","Singleplayer, Steam Achievements, Full controller support, Atmospheric, steam-trading-cards, Great Soundtrack, Story Rich, Open World, Third Person, Fantasy, Exploration, Controller, Family Friendly, Short, Colorful, Walking Simulator, Relaxing, Underwater",https://media.rawg.io/media/games/ba9/ba9ad92b6d04825bd15a407c6059db94.jpg
295,Oxenfree,80,3.91,"Adventure, RPG, Indie","Singleplayer, Steam Achievements, Full controller support, Steam Cloud, Atmospheric, steam-trading-cards, Great Soundtrack, Story Rich, 2D, Horror, Female Protagonist, Captions available, Mystery, Choices Matter, Short, Side Scroller, Walking Simulator, Multiple Endings, overlay, achievements, 2.5D, Supernatural, Lovecraftian, Thriller",https://media.rawg.io/media/games/7ba/7baf4663962bad7197e2470d59a6e322.jpg
3647,Child of Light,77,3.84,"RPG, Indie","Singleplayer, Atmospheric, Great Soundtrack, RPG, Story Rich, 2D, Partial Controller Support, Fantasy, Female Protagonist, Split Screen, Local Co-Op, role-playing, Turn-Based, Cute, Side Scroller, Turn-Based Strategy, Metroidvania, Hand-drawn",https://media.rawg.io/media/games/c47/c4796c4c49e7e06ad328e07aa8944cdd.jpg
2100,Tales from the Borderlands: A Telltale Game Series,85,4.18,Adventure,"Singleplayer, Steam Achievements, Full controller support, Atmospheric, Great Soundtrack, RPG, Story Rich, Sci-fi, Funny, Female Protagonist, Comedy, Point & Click, Choices Matter, Memes, Visual Novel, achievements, Dark Humor, Episodic, Choose Your Own Adventure, Quick-Time Events",https://media.rawg.io/media/games/264/2642b17a7885f7abc4fd018e98943242.jpg
3350,Broken Age,81,3.65,"Adventure, Casual, Family, Indie, Puzzle","Singleplayer, Full controller support, Steam Cloud, steam-trading-cards, Great Soundtrack, Story Rich, 2D, Sci-fi, Fantasy, Funny, Female Protagonist, Comedy, Action-Adventure, Controller, Point & Click, Short, Hand-drawn, Kickstarter, Episodic, Touch-Friendly, Crowdfunded, Coming Of Age",https://media.rawg.io/media/games/3ef/3eff92562640e452d3487c04ba6d7fae.jpg
5687,The Playroom,0,2.27,Arcade,"exclusive, true exclusive",https://media.rawg.io/media/games/363/36306deef81e7955a5d0f5c3b43fccee.jpg
5565,F.E.A.R. 3,74,3.35,"Action, Shooter","Singleplayer, Steam Achievements, Multiplayer, Steam Cloud, Atmospheric, Co-op, Story Rich, cooperative, First-Person, Sci-fi, Partial Controller Support, Horror, FPS, Online Co-Op, Gore, Steam Leaderboards, Controller, Zombies, Short, Mechs, Bullet Time",https://media.rawg.io/media/games/1da/1da9a7af524e81d257f972fbc06baefd.jpg
9575,VRChat,0,3.14,"Adventure, Simulation, Sports, Casual, Massively Multiplayer","Singleplayer, Multiplayer, Co-op, Partial Controller Support, Horror, Online Co-Op, Free to Play, Online multiplayer, Early Access, Cross-Platform Multiplayer, VR, MMORPG",https://media.rawg.io/media/games/11f/11fd681c312c14644ab360888dba3486.jpg
3290,PlanetSide 2,84,2.97,"Action, Shooter, Massively Multiplayer","Multiplayer, steam-trading-cards, RPG, Co-op, Open World, cooperative, First-Person, Sci-fi, FPS, Online Co-Op, Free to Play, Tactical, PvP, Space, War, Futuristic, Team-Based, mmo",https://media.rawg.io/media/games/2fd/2fd1b58116b10cc1f4442bee5593ca7c.jpg
5564,F.E.A.R. 2: Project Origin,79,3.86,"Action, Shooter","Singleplayer, Multiplayer, Atmospheric, Story Rich, cooperative, First-Person, Sci-fi, Horror, FPS, Gore, Classic, Zombies, Bullet Time",https://media.rawg.io/media/games/d1d/d1dd46e2ef7f8a1ee946d3ab779c3754.jpg
894,Destiny,76,3.69,"Action, Shooter","Singleplayer, Multiplayer, Co-op, First-Person, Sci-fi, raid",https://media.rawg.io/media/games/062/062420d85c7143f72ad3557f32c41ead.jpg
23557,Gwent: The Witcher Card Game,80,3.59,"RPG, Strategy, Board Games, Card","Singleplayer, Steam Achievements, Multiplayer, RPG, Partial Controller Support, Fantasy, Free to Play, PvP, Cross-Platform Multiplayer, In-App Purchases, controller support, Online PvP, Steam Trading Cards, overlay, Card Game, Remote Play on Tablet, Trading Card Game, deckbuilding, leaderboards",https://media.rawg.io/media/games/742/7424c1f7d0a8da9ae29cd866f985698b.jpg
42215,Dying Light,74,4.1,"Action, Adventure, RPG","Horror, Survival, Zombies, Parkour, city, skill, night, environment, fast",https://media.rawg.io/media/games/4a5/4a5ce21f529cf8fd4670b4c3188b25df.jpg
23587,Sonic Mania,85,3.86,"Action, Adventure, Casual, Platformer","Singleplayer, Steam Achievements, Multiplayer, Full controller support, Steam Cloud, steam-trading-cards, Great Soundtrack, 2D, Partial Controller Support, Steam Leaderboards, Classic, Split Screen, Local Co-Op, Action-Adventure, Pixel Graphics, Local Multiplayer, Retro, Family Friendly, Colorful, Side Scroller, Fast-Paced, Remake, Cartoony",https://media.rawg.io/media/games/bbf/bbf8d74ab64440ad76294cff2f4d9cfa.jpg
13820,The Elder Scrolls III: Morrowind,89,4.37,RPG,"Singleplayer, Steam Cloud, Atmospheric, Great Soundtrack, RPG, Story Rich, Open World, First-Person, Third Person, Fantasy, Exploration, Classic, Sandbox, Action RPG, Moddable, Character Customization, Medieval, Magic, Cult Classic, vr mod",https://media.rawg.io/media/games/ccf/ccf26f6e3d553a04f0033a8107a521b8.jpg
17037,Monaco: What's Yours Is Mine,83,2.99,"Action, Strategy, Casual, Indie","Singleplayer, Steam Achievements, Multiplayer, Full controller support, Steam Cloud, steam-trading-cards, Great Soundtrack, Co-op, 2D, Online Co-Op, Steam Leaderboards, Stealth, Split Screen, Local Co-Op, Pixel Graphics, Controller, Local Multiplayer, Steam Workshop, Cross-Platform Multiplayer, Includes level editor, Crime, Top-Down, Loot, Heist",https://media.rawg.io/media/screenshots/4f4/4f4722571e32954af43a4508607c1748.jpg
